39.349481,-105.120921,2168.636963,2014-10-04T21:28:08Z
39.349481,-105.120921,2168.842529,2014-10-04T21:28:09Z
39.349481,-105.120921,2168.118164,2014-10-04T21:28:10Z
39.349481,-105.120921,2167.808105,2014-10-04T21:28:11Z
39.349480,-105.120919,2167.704102,2014-10-04T21:28:12Z
39.349484,-105.120933,2168.426514,2014-10-04T21:28:13Z
39.349488,-105.120933,2169.251221,2014-10-04T21:28:14Z
39.349488,-105.120933,2169.558838,2014-10-04T21:28:15Z
39.349488,-105.120932,2169.969482,2014-10-04T21:28:16Z
39.349489,-105.120932,2170.070313,2014-10-04T21:28:17Z
39.349489,-105.120931,2169.757080,2014-10-04T21:28:18Z
39.349489,-105.120931,2169.548096,2014-10-04T21:28:19Z
39.349489,-105.120931,2168.718994,2014-10-04T21:28:20Z
39.349489,-105.120930,2169.027100,2014-10-04T21:28:21Z
39.349489,-105.120930,2169.231934,2014-10-04T21:28:22Z
39.349489,-105.120930,2168.815918,2014-10-04T21:28:23Z
39.349489,-105.120930,2168.607422,2014-10-04T21:28:24Z
39.349488,-105.120929,2168.399414,2014-10-04T21:28:25Z
39.349488,-105.120929,2168.397705,2014-10-04T21:28:26Z
39.349488,-105.120929,2168.395996,2014-10-04T21:28:27Z
39.349488,-105.120929,2168.290771,2014-10-04T21:28:28Z
39.349488,-105.120929,2167.669189,2014-10-04T21:28:29Z
39.349489,-105.120929,2166.944824,2014-10-04T21:28:30Z
39.349489,-105.120929,2166.944092,2014-10-04T21:28:31Z
39.349489,-105.120929,2167.253418,2014-10-04T21:28:32Z
39.349489,-105.120929,2167.562256,2014-10-04T21:28:33Z
39.349489,-105.120930,2167.871582,2014-10-04T21:28:34Z
39.349489,-105.120930,2167.560059,2014-10-04T21:28:35Z
39.349489,-105.120930,2168.075928,2014-10-04T21:28:36Z
39.349489,-105.120930,2167.248047,2014-10-04T21:28:37Z
39.349488,-105.120930,2167.970459,2014-10-04T21:28:38Z
39.349488,-105.120930,2167.142822,2014-10-04T21:28:39Z
39.349488,-105.120930,2167.762451,2014-10-04T21:28:40Z
39.349488,-105.120930,2167.554443,2014-10-04T21:28:41Z
39.349488,-105.120930,2166.726807,2014-10-04T21:28:42Z
39.349488,-105.120931,2166.829834,2014-10-04T21:28:43Z
39.349487,-105.120931,2167.863037,2014-10-04T21:28:44Z
39.349487,-105.120931,2167.964844,2014-10-04T21:28:45Z
39.349487,-105.120931,2168.790527,2014-10-04T21:28:46Z
39.349486,-105.120931,2168.686035,2014-10-04T21:28:47Z
39.349486,-105.120931,2168.477539,2014-10-04T21:28:48Z
39.349486,-105.120931,2168.476318,2014-10-04T21:28:49Z
39.349485,-105.120930,2167.751709,2014-10-04T21:28:50Z
39.349474,-105.120936,2167.026855,2014-10-04T21:28:51Z
39.349473,-105.120936,2166.510010,2014-10-04T21:28:52Z
39.349473,-105.120936,2166.199219,2014-10-04T21:28:53Z
39.349473,-105.120928,2166.819336,2014-10-04T21:28:54Z
39.349472,-105.120924,2167.335693,2014-10-04T21:28:55Z
39.349478,-105.120909,2168.781494,2014-10-04T21:28:56Z
39.349478,-105.120909,2168.883545,2014-10-04T21:28:57Z
39.349479,-105.120912,2168.985352,2014-10-04T21:28:58Z
39.349468,-105.120913,2168.570557,2014-10-04T21:28:59Z
39.349454,-105.120909,2168.259277,2014-10-04T21:29:00Z
39.349446,-105.120901,2168.051270,2014-10-04T21:29:01Z
39.349442,-105.120897,2168.670654,2014-10-04T21:29:02Z
39.349431,-105.120874,2168.462158,2014-10-04T21:29:03Z
39.349433,-105.120847,2168.460938,2014-10-04T21:29:04Z
39.349442,-105.120812,2168.238037,2014-10-04T21:29:05Z
39.349467,-105.120781,2167.616455,2014-10-04T21:29:06Z
39.349510,-105.120757,2166.995605,2014-10-04T21:29:07Z
39.349568,-105.120739,2167.511719,2014-10-04T21:29:08Z
39.349638,-105.120721,2167.821289,2014-10-04T21:29:09Z
39.349718,-105.120701,2168.440186,2014-10-04T21:29:10Z
39.349806,-105.120676,2169.265869,2014-10-04T21:29:11Z
39.349899,-105.120645,2169.988281,2014-10-04T21:29:12Z
39.349997,-105.120606,2170.813477,2014-10-04T21:29:13Z
39.350102,-105.120564,2171.121826,2014-10-04T21:29:14Z
39.350210,-105.120516,2171.430176,2014-10-04T21:29:15Z
39.350322,-105.120467,2172.565674,2014-10-04T21:29:16Z
39.350441,-105.120416,2175.043701,2014-10-04T21:29:17Z
39.350567,-105.120361,2177.004395,2014-10-04T21:29:18Z
39.350699,-105.120301,2177.206787,2014-10-04T21:29:19Z
39.350834,-105.120236,2177.306885,2014-10-04T21:29:20Z
39.350970,-105.120163,2177.613281,2014-10-04T21:29:21Z
39.351108,-105.120086,2178.127197,2014-10-04T21:29:22Z
39.351249,-105.120006,2179.674561,2014-10-04T21:29:23Z
39.351390,-105.119925,2181.737549,2014-10-04T21:29:24Z
39.351532,-105.119845,2182.766357,2014-10-04T21:29:25Z
39.351674,-105.119764,2182.761719,2014-10-04T21:29:26Z
39.351818,-105.119683,2183.274414,2014-10-04T21:29:27Z
39.351959,-105.119602,2183.683594,2014-10-04T21:29:28Z
39.352101,-105.119526,2184.713135,2014-10-04T21:29:29Z
39.352247,-105.119459,2184.915527,2014-10-04T21:29:30Z
39.352397,-105.119402,2185.428467,2014-10-04T21:29:31Z
39.352549,-105.119357,2186.975342,2014-10-04T21:29:32Z
39.352703,-105.119320,2187.900879,2014-10-04T21:29:33Z
39.352857,-105.119287,2189.137207,2014-10-04T21:29:34Z
39.353014,-105.119257,2190.373047,2014-10-04T21:29:35Z
39.353176,-105.119226,2192.744873,2014-10-04T21:29:36Z
39.353343,-105.119195,2194.289795,2014-10-04T21:29:37Z
39.353509,-105.119167,2194.697510,2014-10-04T21:29:38Z
39.353675,-105.119144,2195.725098,2014-10-04T21:29:39Z
39.353842,-105.119125,2196.029785,2014-10-04T21:29:40Z
39.354014,-105.119110,2196.747803,2014-10-04T21:29:41Z
39.354191,-105.119099,2197.776123,2014-10-04T21:29:42Z
39.354374,-105.119091,2198.700928,2014-10-04T21:29:43Z
39.354559,-105.119080,2199.315430,2014-10-04T21:29:44Z
39.354746,-105.119068,2199.930664,2014-10-04T21:29:45Z
39.354932,-105.119051,2200.649170,2014-10-04T21:29:46Z
39.355117,-105.119026,2201.988037,2014-10-04T21:29:47Z
39.355299,-105.118991,2204.050049,2014-10-04T21:29:48Z
39.355470,-105.118949,2205.388184,2014-10-04T21:29:49Z
39.355637,-105.118904,2206.623047,2014-10-04T21:29:50Z
39.355801,-105.118854,2208.581299,2014-10-04T21:29:51Z
39.355966,-105.118812,2210.332275,2014-10-04T21:29:52Z
39.356131,-105.118780,2211.462891,2014-10-04T21:29:53Z
39.356299,-105.118756,2212.903809,2014-10-04T21:29:54Z
39.356474,-105.118739,2214.860840,2014-10-04T21:29:55Z
39.356650,-105.118725,2216.508057,2014-10-04T21:29:56Z
39.356829,-105.118710,2217.947754,2014-10-04T21:29:57Z
39.357009,-105.118692,2218.354248,2014-10-04T21:29:58Z
39.357189,-105.118673,2218.554932,2014-10-04T21:29:59Z
39.357367,-105.118652,2219.582764,2014-10-04T21:30:00Z
39.357542,-105.118631,2220.197021,2014-10-04T21:30:01Z
39.357712,-105.118609,2220.398926,2014-10-04T21:30:02Z
39.357877,-105.118588,2221.634766,2014-10-04T21:30:03Z
39.358039,-105.118570,2223.800781,2014-10-04T21:30:04Z
39.358196,-105.118556,2226.093750,2014-10-04T21:30:05Z
39.358349,-105.118549,2228.155273,2014-10-04T21:30:06Z
39.358500,-105.118547,2229.286377,2014-10-04T21:30:07Z
39.358649,-105.118549,2230.521240,2014-10-04T21:30:08Z
39.358791,-105.118550,2231.653320,2014-10-04T21:30:09Z
39.358925,-105.118542,2232.268311,2014-10-04T21:30:10Z
39.359045,-105.118517,2233.607422,2014-10-04T21:30:11Z
39.359153,-105.118468,2234.843018,2014-10-04T21:30:12Z
39.359251,-105.118409,2234.735596,2014-10-04T21:30:13Z
39.359346,-105.118356,2235.041992,2014-10-04T21:30:14Z
39.359446,-105.118322,2235.245850,2014-10-04T21:30:15Z
39.359552,-105.118311,2235.140137,2014-10-04T21:30:16Z
39.359660,-105.118310,2235.345215,2014-10-04T21:30:17Z
39.359765,-105.118302,2236.378174,2014-10-04T21:30:18Z
39.359867,-105.118272,2237.617432,2014-10-04T21:30:19Z
39.359971,-105.118218,2238.443359,2014-10-04T21:30:20Z
39.360067,-105.118141,2240.199707,2014-10-04T21:30:21Z
39.360158,-105.118049,2242.059082,2014-10-04T21:30:22Z
39.360256,-105.117961,2242.884521,2014-10-04T21:30:23Z
39.360366,-105.117888,2244.330322,2014-10-04T21:30:24Z
39.360487,-105.117830,2245.879150,2014-10-04T21:30:25Z
39.360616,-105.117785,2247.324707,2014-10-04T21:30:26Z
39.360751,-105.117748,2247.736328,2014-10-04T21:30:27Z
39.360890,-105.117715,2248.562012,2014-10-04T21:30:28Z
39.361027,-105.117680,2249.284424,2014-10-04T21:30:29Z
39.361165,-105.117643,2250.421143,2014-10-04T21:30:30Z
39.361298,-105.117606,2252.487305,2014-10-04T21:30:31Z
39.361432,-105.117575,2254.552979,2014-10-04T21:30:32Z
39.361573,-105.117555,2256.429443,2014-10-04T21:30:33Z
39.361718,-105.117548,2257.367432,2014-10-04T21:30:34Z
39.361865,-105.117551,2256.947998,2014-10-04T21:30:35Z
39.362009,-105.117563,2257.364746,2014-10-04T21:30:36Z
39.362152,-105.117583,2258.513184,2014-10-04T21:30:37Z
39.362299,-105.117602,2260.184082,2014-10-04T21:30:38Z
39.362442,-105.117621,2261.332031,2014-10-04T21:30:39Z
39.362587,-105.117640,2262.062500,2014-10-04T21:30:40Z
39.362736,-105.117660,2263.419678,2014-10-04T21:30:41Z
39.362889,-105.117676,2265.403320,2014-10-04T21:30:42Z
39.363048,-105.117687,2266.864746,2014-10-04T21:30:43Z
39.363212,-105.117689,2267.385742,2014-10-04T21:30:44Z
39.363377,-105.117683,2268.429199,2014-10-04T21:30:45Z
39.363542,-105.117674,2269.785889,2014-10-04T21:30:46Z
39.363708,-105.117666,2271.874023,2014-10-04T21:30:47Z
39.363875,-105.117656,2273.856689,2014-10-04T21:30:48Z
39.364044,-105.117642,2275.212402,2014-10-04T21:30:49Z
39.364210,-105.117627,2276.045898,2014-10-04T21:30:50Z
39.364373,-105.117615,2276.775146,2014-10-04T21:30:51Z
39.364536,-105.117605,2277.609131,2014-10-04T21:30:52Z
39.364699,-105.117595,2278.234375,2014-10-04T21:30:53Z
39.364858,-105.117585,2279.800537,2014-10-04T21:30:54Z
39.365013,-105.117578,2280.112793,2014-10-04T21:30:55Z
39.365155,-105.117561,2280.843262,2014-10-04T21:30:56Z
39.365287,-105.117522,2281.469482,2014-10-04T21:30:57Z
39.365407,-105.117462,2283.244141,2014-10-04T21:30:58Z
39.365520,-105.117379,2283.243164,2014-10-04T21:30:59Z
39.365638,-105.117284,2282.197998,2014-10-04T21:31:00Z
39.365758,-105.117183,2280.840576,2014-10-04T21:31:01Z
39.365881,-105.117075,2280.424072,2014-10-04T21:31:02Z
39.366006,-105.116963,2280.634277,2014-10-04T21:31:03Z
39.366131,-105.116847,2279.800293,2014-10-04T21:31:04Z
39.366256,-105.116729,2280.014404,2014-10-04T21:31:05Z
39.366386,-105.116609,2279.389160,2014-10-04T21:31:06Z
39.366519,-105.116491,2278.869141,2014-10-04T21:31:07Z
39.366660,-105.116374,2277.618164,2014-10-04T21:31:08Z
39.366802,-105.116254,2276.576416,2014-10-04T21:31:09Z
39.366947,-105.116131,2276.057373,2014-10-04T21:31:10Z
39.367099,-105.116013,2275.537842,2014-10-04T21:31:11Z
39.367258,-105.115909,2275.122803,2014-10-04T21:31:12Z
39.367429,-105.115826,2273.454346,2014-10-04T21:31:13Z
39.367610,-105.115761,2269.906006,2014-10-04T21:31:14Z
39.367789,-105.115705,2268.135010,2014-10-04T21:31:15Z
39.367961,-105.115647,2266.468506,2014-10-04T21:31:16Z
39.368124,-105.115580,2263.654297,2014-10-04T21:31:17Z
39.368278,-105.115498,2261.363037,2014-10-04T21:31:18Z
39.368416,-105.115391,2261.579102,2014-10-04T21:31:19Z
39.368535,-105.115262,2261.167725,2014-10-04T21:31:20Z
39.368642,-105.115121,2261.069336,2014-10-04T21:31:21Z
39.368750,-105.114981,2260.761475,2014-10-04T21:31:22Z
39.368867,-105.114854,2259.304443,2014-10-04T21:31:23Z
39.368999,-105.114746,2256.593994,2014-10-04T21:31:24Z
39.369144,-105.114663,2255.033691,2014-10-04T21:31:25Z
39.369299,-105.114609,2254.523193,2014-10-04T21:31:26Z
39.369458,-105.114573,2253.392090,2014-10-04T21:31:27Z
39.369624,-105.114550,2251.845459,2014-10-04T21:31:28Z
39.369792,-105.114535,2251.642822,2014-10-04T21:31:29Z
39.369961,-105.114523,2250.612549,2014-10-04T21:31:30Z
39.370133,-105.114514,2250.305908,2014-10-04T21:31:31Z
39.370307,-105.114505,2250.101807,2014-10-04T21:31:32Z
39.370481,-105.114496,2249.277588,2014-10-04T21:31:33Z
39.370653,-105.114488,2247.626465,2014-10-04T21:31:34Z
39.370826,-105.114482,2245.664795,2014-10-04T21:31:35Z
39.370995,-105.114473,2245.874756,2014-10-04T21:31:36Z
39.371163,-105.114461,2245.256836,2014-10-04T21:31:37Z
39.371331,-105.114446,2245.052734,2014-10-04T21:31:38Z
39.371503,-105.114429,2244.951416,2014-10-04T21:31:39Z
39.371678,-105.114415,2244.126221,2014-10-04T21:31:40Z
39.371857,-105.114403,2243.404297,2014-10-04T21:31:41Z
39.372038,-105.114389,2241.751221,2014-10-04T21:31:42Z
39.372219,-105.114371,2239.375732,2014-10-04T21:31:43Z
39.372394,-105.114350,2236.793701,2014-10-04T21:31:44Z
39.372566,-105.114321,2233.695068,2014-10-04T21:31:45Z
39.372730,-105.114280,2231.941162,2014-10-04T21:31:46Z
39.372888,-105.114217,2231.944336,2014-10-04T21:31:47Z
39.373040,-105.114131,2232.257080,2014-10-04T21:31:48Z
39.373193,-105.114028,2232.155762,2014-10-04T21:31:49Z
39.373345,-105.113916,2231.847412,2014-10-04T21:31:50Z
39.373498,-105.113799,2230.504883,2014-10-04T21:31:51Z
39.373648,-105.113684,2228.956055,2014-10-04T21:31:52Z
39.373790,-105.113568,2226.890137,2014-10-04T21:31:53Z
39.373922,-105.113448,2224.410889,2014-10-04T21:31:54Z
39.374050,-105.113320,2222.965576,2014-10-04T21:31:55Z
39.374171,-105.113180,2222.452637,2014-10-04T21:31:56Z
39.374278,-105.113025,2221.318848,2014-10-04T21:31:57Z
39.374366,-105.112859,2219.460205,2014-10-04T21:31:58Z
39.374436,-105.112686,2217.808838,2014-10-04T21:31:59Z
39.374484,-105.112500,2217.708008,2014-10-04T21:32:00Z
39.374512,-105.112292,2217.195313,2014-10-04T21:32:01Z
39.374525,-105.112073,2216.681885,2014-10-04T21:32:02Z
39.374522,-105.111847,2215.650879,2014-10-04T21:32:03Z
39.374514,-105.111616,2213.379883,2014-10-04T21:32:04Z
39.374511,-105.111392,2212.320068,2014-10-04T21:32:05Z
39.374507,-105.111179,2213.459961,2014-10-04T21:32:06Z
39.374499,-105.110977,2212.634521,2014-10-04T21:32:07Z
39.374489,-105.110785,2213.256836,2014-10-04T21:32:08Z
39.374471,-105.110602,2213.568115,2014-10-04T21:32:09Z
39.374444,-105.110426,2214.189453,2014-10-04T21:32:10Z
39.374400,-105.110259,2214.913330,2014-10-04T21:32:11Z
39.374344,-105.110099,2214.293701,2014-10-04T21:32:12Z
39.374276,-105.109952,2213.570801,2014-10-04T21:32:13Z
39.374196,-105.109816,2213.262207,2014-10-04T21:32:14Z
39.374105,-105.109691,2213.987305,2014-10-04T21:32:15Z
39.374008,-105.109576,2214.711670,2014-10-04T21:32:16Z
39.373907,-105.109471,2215.229004,2014-10-04T21:32:17Z
39.373808,-105.109368,2215.125977,2014-10-04T21:32:18Z
39.373716,-105.109261,2215.436279,2014-10-04T21:32:19Z
39.373629,-105.109145,2216.160400,2014-10-04T21:32:20Z
39.373551,-105.109019,2217.091064,2014-10-04T21:32:21Z
39.373484,-105.108883,2217.711670,2014-10-04T21:32:22Z
39.373428,-105.108738,2218.021484,2014-10-04T21:32:23Z
39.373384,-105.108590,2219.055176,2014-10-04T21:32:24Z
39.373349,-105.108444,2220.398193,2014-10-04T21:32:25Z
39.373298,-105.108317,2220.087158,2014-10-04T21:32:26Z
39.373228,-105.108214,2220.189697,2014-10-04T21:32:27Z
39.373145,-105.108131,2220.499512,2014-10-04T21:32:28Z
39.373053,-105.108062,2220.395996,2014-10-04T21:32:29Z
39.372956,-105.107997,2220.602539,2014-10-04T21:32:30Z
39.372859,-105.107927,2220.913330,2014-10-04T21:32:31Z
39.372762,-105.107846,2221.017334,2014-10-04T21:32:32Z
39.372666,-105.107751,2222.051270,2014-10-04T21:32:33Z
39.372575,-105.107646,2223.705566,2014-10-04T21:32:34Z
39.372488,-105.107534,2226.186768,2014-10-04T21:32:35Z
39.372402,-105.107419,2227.323486,2014-10-04T21:32:36Z
39.372328,-105.107304,2227.839844,2014-10-04T21:32:37Z
39.372275,-105.107190,2227.839844,2014-10-04T21:32:38Z
39.372243,-105.107078,2228.356689,2014-10-04T21:32:39Z
39.372230,-105.106964,2229.390869,2014-10-04T21:32:40Z
39.372232,-105.106851,2230.425049,2014-10-04T21:32:41Z
39.372243,-105.106740,2230.838379,2014-10-04T21:32:42Z
39.372255,-105.106638,2230.114990,2014-10-04T21:32:43Z
39.372267,-105.106550,2229.702881,2014-10-04T21:32:44Z
39.372281,-105.106483,2229.187500,2014-10-04T21:32:45Z
39.372301,-105.106433,2229.189453,2014-10-04T21:32:46Z
39.372323,-105.106388,2229.604736,2014-10-04T21:32:47Z
39.372334,-105.106349,2230.226318,2014-10-04T21:32:48Z
39.372336,-105.106320,2230.641846,2014-10-04T21:32:49Z
39.372334,-105.106297,2230.229492,2014-10-04T21:32:50Z
39.372330,-105.106283,2230.127930,2014-10-04T21:32:51Z
39.372328,-105.106272,2230.129883,2014-10-04T21:32:52Z
39.372328,-105.106272,2229.925293,2014-10-04T21:32:53Z
39.372329,-105.106272,2229.410645,2014-10-04T21:32:54Z
39.372329,-105.106272,2227.656250,2014-10-04T21:32:55Z
39.372330,-105.106272,2227.556152,2014-10-04T21:32:56Z
39.372330,-105.106272,2227.973633,2014-10-04T21:32:57Z
39.372330,-105.106272,2227.873291,2014-10-04T21:32:58Z
39.372330,-105.106272,2228.083008,2014-10-04T21:32:59Z
39.372331,-105.106272,2228.292969,2014-10-04T21:33:00Z
39.372331,-105.106273,2229.432617,2014-10-04T21:33:01Z
39.372331,-105.106273,2229.331299,2014-10-04T21:33:02Z
39.372331,-105.106273,2229.333740,2014-10-04T21:33:03Z
39.372331,-105.106273,2230.162842,2014-10-04T21:33:04Z
39.372331,-105.106273,2229.672119,2014-10-04T21:33:05Z
39.372331,-105.106271,2229.157471,2014-10-04T21:33:06Z
39.372329,-105.106268,2229.263428,2014-10-04T21:33:07Z
39.372314,-105.106247,2229.162354,2014-10-04T21:33:08Z
39.372293,-105.106217,2229.991699,2014-10-04T21:33:09Z
39.372266,-105.106172,2229.683838,2014-10-04T21:33:10Z
39.372234,-105.106107,2229.169189,2014-10-04T21:33:11Z
39.372198,-105.106023,2228.965088,2014-10-04T21:33:12Z
39.372157,-105.105928,2228.967773,2014-10-04T21:33:13Z
39.372112,-105.105829,2229.383545,2014-10-04T21:33:14Z
39.372067,-105.105729,2229.178711,2014-10-04T21:33:15Z
39.372024,-105.105627,2229.801270,2014-10-04T21:33:16Z
39.371993,-105.105522,2229.803223,2014-10-04T21:33:17Z
39.371978,-105.105418,2229.598633,2014-10-04T21:33:18Z
39.371986,-105.105320,2229.290283,2014-10-04T21:33:19Z
39.372018,-105.105227,2229.912842,2014-10-04T21:33:20Z
39.372066,-105.105143,2230.637695,2014-10-04T21:33:21Z
39.372128,-105.105062,2231.465820,2014-10-04T21:33:22Z
39.372202,-105.104985,2232.086670,2014-10-04T21:33:23Z
39.372291,-105.104918,2231.673584,2014-10-04T21:33:24Z
39.372394,-105.104866,2232.190674,2014-10-04T21:33:25Z
39.372507,-105.104825,2232.604492,2014-10-04T21:33:26Z
39.372630,-105.104785,2232.914307,2014-10-04T21:33:27Z
39.372758,-105.104743,2233.017822,2014-10-04T21:33:28Z
39.372892,-105.104697,2233.224609,2014-10-04T21:33:29Z
39.373029,-105.104652,2233.948486,2014-10-04T21:33:30Z
39.373170,-105.104608,2235.085205,2014-10-04T21:33:31Z
39.373315,-105.104559,2235.498535,2014-10-04T21:33:32Z
39.373461,-105.104504,2236.428467,2014-10-04T21:33:33Z
39.373613,-105.104448,2238.081787,2014-10-04T21:33:34Z
39.373767,-105.104392,2238.081055,2014-10-04T21:33:35Z
39.373921,-105.104332,2238.184082,2014-10-04T21:33:36Z
39.374078,-105.104272,2238.183594,2014-10-04T21:33:37Z
39.374234,-105.104212,2239.113770,2014-10-04T21:33:38Z
39.374387,-105.104148,2241.904297,2014-10-04T21:33:39Z
39.374537,-105.104087,2246.245361,2014-10-04T21:33:40Z
39.374685,-105.104026,2251.101318,2014-10-04T21:33:41Z
39.374831,-105.103967,2252.545410,2014-10-04T21:33:42Z
39.374980,-105.103917,2252.335693,2014-10-04T21:33:43Z
39.375134,-105.103886,2252.333008,2014-10-04T21:33:44Z
39.375295,-105.103868,2252.743408,2014-10-04T21:33:45Z
39.375459,-105.103863,2252.637939,2014-10-04T21:33:46Z
39.375617,-105.103869,2253.565918,2014-10-04T21:33:47Z
39.375776,-105.103878,2253.874268,2014-10-04T21:33:48Z
39.375937,-105.103891,2254.802979,2014-10-04T21:33:49Z
39.376091,-105.103908,2257.199707,2014-10-04T21:33:50Z
39.376240,-105.103929,2259.809570,2014-10-04T21:33:51Z
39.376390,-105.103950,2263.254395,2014-10-04T21:33:52Z
39.376541,-105.103959,2263.669189,2014-10-04T21:33:53Z
39.376690,-105.103948,2264.501953,2014-10-04T21:33:54Z
39.376838,-105.103918,2265.752686,2014-10-04T21:33:55Z
39.376986,-105.103872,2266.478271,2014-10-04T21:33:56Z
39.377129,-105.103823,2266.890625,2014-10-04T21:33:57Z
39.377262,-105.103770,2267.304443,2014-10-04T21:33:58Z
39.377384,-105.103711,2268.448975,2014-10-04T21:33:59Z
39.377498,-105.103641,2270.115967,2014-10-04T21:34:00Z
39.377602,-105.103557,2271.886963,2014-10-04T21:34:01Z
39.377694,-105.103455,2273.866943,2014-10-04T21:34:02Z
39.377774,-105.103333,2273.966309,2014-10-04T21:34:03Z
39.377844,-105.103199,2274.066162,2014-10-04T21:34:04Z
39.377911,-105.103054,2274.177734,2014-10-04T21:34:05Z
39.377973,-105.102896,2274.591553,2014-10-04T21:34:06Z
39.378036,-105.102724,2274.587891,2014-10-04T21:34:07Z
39.378100,-105.102539,2274.897949,2014-10-04T21:34:08Z
39.378160,-105.102347,2274.894775,2014-10-04T21:34:09Z
39.378214,-105.102149,2274.474121,2014-10-04T21:34:10Z
39.378259,-105.101948,2275.202637,2014-10-04T21:34:11Z
39.378293,-105.101741,2275.617432,2014-10-04T21:34:12Z
39.378321,-105.101531,2275.823486,2014-10-04T21:34:13Z
39.378352,-105.101321,2275.925049,2014-10-04T21:34:14Z
39.378391,-105.101113,2275.817627,2014-10-04T21:34:15Z
39.378435,-105.100908,2275.501465,2014-10-04T21:34:16Z
39.378481,-105.100704,2274.872314,2014-10-04T21:34:17Z
39.378529,-105.100504,2274.139404,2014-10-04T21:34:18Z
39.378582,-105.100307,2273.824463,2014-10-04T21:34:19Z
39.378643,-105.100114,2273.614258,2014-10-04T21:34:20Z
39.378713,-105.099931,2273.299805,2014-10-04T21:34:21Z
39.378788,-105.099756,2273.089844,2014-10-04T21:34:22Z
39.378863,-105.099587,2273.089355,2014-10-04T21:34:23Z
39.378931,-105.099415,2273.715820,2014-10-04T21:34:24Z
39.378987,-105.099232,2274.342285,2014-10-04T21:34:25Z
39.379033,-105.099040,2275.177734,2014-10-04T21:34:26Z
39.379066,-105.098840,2275.698486,2014-10-04T21:34:27Z
39.379081,-105.098631,2276.114990,2014-10-04T21:34:28Z
39.379077,-105.098415,2276.322510,2014-10-04T21:34:29Z
39.379056,-105.098202,2276.948242,2014-10-04T21:34:30Z
39.379016,-105.097997,2277.051758,2014-10-04T21:34:31Z
39.378958,-105.097803,2277.677734,2014-10-04T21:34:32Z
39.378886,-105.097614,2278.304199,2014-10-04T21:34:33Z
39.378809,-105.097429,2279.244141,2014-10-04T21:34:34Z
39.378732,-105.097250,2280.393555,2014-10-04T21:34:35Z
39.378652,-105.097081,2281.229248,2014-10-04T21:34:36Z
39.378566,-105.096930,2281.960938,2014-10-04T21:34:37Z
39.378468,-105.096797,2283.528564,2014-10-04T21:34:38Z
39.378367,-105.096673,2287.707031,2014-10-04T21:34:39Z
39.378264,-105.096553,2289.899414,2014-10-04T21:34:40Z
39.378163,-105.096430,2291.778076,2014-10-04T21:34:41Z
39.378071,-105.096300,2293.239258,2014-10-04T21:34:42Z
39.377992,-105.096159,2293.760254,2014-10-04T21:34:43Z
39.377934,-105.096006,2294.595215,2014-10-04T21:34:44Z
39.377898,-105.095845,2295.430664,2014-10-04T21:34:45Z
39.377881,-105.095674,2296.475098,2014-10-04T21:34:46Z
39.377878,-105.095492,2296.580078,2014-10-04T21:34:47Z
39.377886,-105.095305,2297.103271,2014-10-04T21:34:48Z
39.377900,-105.095116,2298.671875,2014-10-04T21:34:49Z
39.377906,-105.094931,2300.552979,2014-10-04T21:34:50Z
39.377898,-105.094752,2301.493896,2014-10-04T21:34:51Z
39.377876,-105.094576,2302.017090,2014-10-04T21:34:52Z
39.377841,-105.094400,2302.540771,2014-10-04T21:34:53Z
39.377792,-105.094226,2303.586914,2014-10-04T21:34:54Z
39.377730,-105.094063,2305.677734,2014-10-04T21:34:55Z
39.377664,-105.093908,2307.350342,2014-10-04T21:34:56Z
39.377599,-105.093759,2309.544678,2014-10-04T21:34:57Z
39.377537,-105.093616,2309.335938,2014-10-04T21:34:58Z
39.377474,-105.093476,2309.336182,2014-10-04T21:34:59Z
39.377413,-105.093336,2309.336670,2014-10-04T21:35:00Z
39.377359,-105.093192,2309.128418,2014-10-04T21:35:01Z
39.377321,-105.093037,2308.502197,2014-10-04T21:35:02Z
39.377308,-105.092870,2307.771484,2014-10-04T21:35:03Z
39.377319,-105.092696,2306.936523,2014-10-04T21:35:04Z
39.377342,-105.092520,2305.239258,2014-10-04T21:35:05Z
39.377366,-105.092344,2303.046631,2014-10-04T21:35:06Z
39.377389,-105.092170,2301.376709,2014-10-04T21:35:07Z
39.377410,-105.091998,2300.020264,2014-10-04T21:35:08Z
39.377427,-105.091825,2299.708740,2014-10-04T21:35:09Z
39.377434,-105.091649,2299.292480,2014-10-04T21:35:10Z
39.377429,-105.091467,2297.935303,2014-10-04T21:35:11Z
39.377420,-105.091280,2296.787842,2014-10-04T21:35:12Z
39.377408,-105.091091,2296.371338,2014-10-04T21:35:13Z
39.377393,-105.090904,2295.014160,2014-10-04T21:35:14Z
39.377378,-105.090719,2294.179443,2014-10-04T21:35:15Z
39.377371,-105.090533,2292.404053,2014-10-04T21:35:16Z
39.377374,-105.090345,2290.002197,2014-10-04T21:35:17Z
39.377388,-105.090155,2288.540771,2014-10-04T21:35:18Z
39.377417,-105.089962,2287.392822,2014-10-04T21:35:19Z
39.377460,-105.089768,2285.513428,2014-10-04T21:35:20Z
39.377517,-105.089574,2284.156006,2014-10-04T21:35:21Z
39.377585,-105.089382,2283.530029,2014-10-04T21:35:22Z
39.377657,-105.089190,2282.486084,2014-10-04T21:35:23Z
39.377726,-105.088998,2280.815186,2014-10-04T21:35:24Z
39.377790,-105.088810,2278.934814,2014-10-04T21:35:25Z
39.377847,-105.088623,2276.637451,2014-10-04T21:35:26Z
39.377889,-105.088433,2275.280273,2014-10-04T21:35:27Z
39.377911,-105.088238,2274.967773,2014-10-04T21:35:28Z
39.377922,-105.088040,2274.237305,2014-10-04T21:35:29Z
39.377929,-105.087839,2273.402100,2014-10-04T21:35:30Z
39.377932,-105.087635,2272.671387,2014-10-04T21:35:31Z
39.377931,-105.087431,2272.567139,2014-10-04T21:35:32Z
39.377928,-105.087226,2271.521973,2014-10-04T21:35:33Z
39.377923,-105.087019,2271.104004,2014-10-04T21:35:34Z
39.377914,-105.086811,2270.058838,2014-10-04T21:35:35Z
39.377902,-105.086607,2268.595947,2014-10-04T21:35:36Z
39.377887,-105.086409,2267.759766,2014-10-04T21:35:37Z
39.377866,-105.086223,2267.341309,2014-10-04T21:35:38Z
39.377843,-105.086053,2265.772949,2014-10-04T21:35:39Z
39.377827,-105.085897,2262.534180,2014-10-04T21:35:40Z
39.377823,-105.085748,2261.907471,2014-10-04T21:35:41Z
39.377838,-105.085603,2261.802979,2014-10-04T21:35:42Z
39.377878,-105.085464,2261.802734,2014-10-04T21:35:43Z
39.377937,-105.085334,2262.220215,2014-10-04T21:35:44Z
39.378008,-105.085212,2261.488037,2014-10-04T21:35:45Z
39.378093,-105.085100,2259.711182,2014-10-04T21:35:46Z
39.378192,-105.085000,2257.202881,2014-10-04T21:35:47Z
39.378301,-105.084911,2257.516113,2014-10-04T21:35:48Z
39.378419,-105.084834,2257.306396,2014-10-04T21:35:49Z
39.378543,-105.084760,2257.201172,2014-10-04T21:35:50Z
39.378671,-105.084685,2257.931396,2014-10-04T21:35:51Z
39.378800,-105.084610,2257.511963,2014-10-04T21:35:52Z
39.378930,-105.084537,2256.883545,2014-10-04T21:35:53Z
39.379058,-105.084465,2255.628174,2014-10-04T21:35:54Z
39.379184,-105.084389,2253.348145,2014-10-04T21:35:55Z
39.379309,-105.084305,2252.830078,2014-10-04T21:35:56Z
39.379428,-105.084210,2252.518799,2014-10-04T21:35:57Z
39.379534,-105.084099,2252.930908,2014-10-04T21:35:58Z
39.379626,-105.083970,2252.619385,2014-10-04T21:35:59Z
39.379699,-105.083823,2252.307617,2014-10-04T21:36:00Z
39.379750,-105.083660,2252.822021,2014-10-04T21:36:01Z
39.379779,-105.083490,2252.819824,2014-10-04T21:36:02Z
39.379793,-105.083318,2251.680420,2014-10-04T21:36:03Z
39.379799,-105.083148,2251.574707,2014-10-04T21:36:04Z
39.379801,-105.082985,2252.237061,2014-10-04T21:36:05Z
39.379804,-105.082832,2251.923828,2014-10-04T21:36:06Z
39.379812,-105.082684,2251.404297,2014-10-04T21:36:07Z
39.379827,-105.082539,2250.781006,2014-10-04T21:36:08Z
39.379851,-105.082393,2250.364746,2014-10-04T21:36:09Z
39.379887,-105.082244,2250.155029,2014-10-04T21:36:10Z
39.379931,-105.082090,2250.359131,2014-10-04T21:36:11Z
39.379980,-105.081931,2250.666016,2014-10-04T21:36:12Z
39.380028,-105.081766,2250.766113,2014-10-04T21:36:13Z
39.380076,-105.081594,2251.072266,2014-10-04T21:36:14Z
39.380123,-105.081410,2250.758545,2014-10-04T21:36:15Z
39.380170,-105.081218,2250.444580,2014-10-04T21:36:16Z
39.380214,-105.081020,2249.613770,2014-10-04T21:36:17Z
39.380260,-105.080820,2248.679443,2014-10-04T21:36:18Z
39.380308,-105.080619,2247.641846,2014-10-04T21:36:19Z
39.380357,-105.080417,2245.984619,2014-10-04T21:36:20Z
39.380405,-105.080214,2244.431152,2014-10-04T21:36:21Z
39.380454,-105.080013,2244.428223,2014-10-04T21:36:22Z
39.380503,-105.079813,2243.908203,2014-10-04T21:36:23Z
39.380554,-105.079615,2243.388184,2014-10-04T21:36:24Z
39.380607,-105.079417,2243.798584,2014-10-04T21:36:25Z
39.380662,-105.079218,2243.691895,2014-10-04T21:36:26Z
39.380718,-105.079025,2243.584961,2014-10-04T21:36:27Z
39.380774,-105.078841,2243.167969,2014-10-04T21:36:28Z
39.380835,-105.078663,2242.750977,2014-10-04T21:36:29Z
39.380906,-105.078495,2242.747314,2014-10-04T21:36:30Z
39.380985,-105.078338,2242.433838,2014-10-04T21:36:31Z
39.381076,-105.078183,2242.533447,2014-10-04T21:36:32Z
39.381174,-105.078033,2241.599121,2014-10-04T21:36:33Z
39.381275,-105.077883,2240.768555,2014-10-04T21:36:34Z
39.381378,-105.077731,2240.248047,2014-10-04T21:36:35Z
39.381482,-105.077581,2240.037354,2014-10-04T21:36:36Z
39.381589,-105.077433,2239.930664,2014-10-04T21:36:37Z
39.381696,-105.077285,2239.927002,2014-10-04T21:36:38Z
39.381805,-105.077137,2239.198975,2014-10-04T21:36:39Z
39.381917,-105.076997,2238.885254,2014-10-04T21:36:40Z
39.382034,-105.076868,2238.881348,2014-10-04T21:36:41Z
39.382157,-105.076751,2238.257080,2014-10-04T21:36:42Z
39.382285,-105.076642,2237.219727,2014-10-04T21:36:43Z
39.382414,-105.076535,2236.389160,2014-10-04T21:36:44Z
39.382544,-105.076425,2236.695557,2014-10-04T21:36:45Z
39.382670,-105.076312,2236.795166,2014-10-04T21:36:46Z
39.382792,-105.076192,2236.170654,2014-10-04T21:36:47Z
39.382908,-105.076061,2234.822998,2014-10-04T21:36:48Z
39.383018,-105.075918,2233.888916,2014-10-04T21:36:49Z
39.383119,-105.075770,2233.162109,2014-10-04T21:36:50Z
39.383216,-105.075620,2232.952393,2014-10-04T21:36:51Z
39.383305,-105.075478,2232.845459,2014-10-04T21:36:52Z
39.383386,-105.075349,2232.325195,2014-10-04T21:36:53Z
39.383457,-105.075233,2232.011719,2014-10-04T21:36:54Z
39.383516,-105.075129,2231.388184,2014-10-04T21:36:55Z
39.383561,-105.075035,2231.591309,2014-10-04T21:36:56Z
39.383594,-105.074954,2231.071777,2014-10-04T21:36:57Z
39.383617,-105.074886,2231.378418,2014-10-04T21:36:58Z
39.383639,-105.074833,2231.065186,2014-10-04T21:36:59Z
39.383661,-105.074794,2230.855225,2014-10-04T21:37:00Z
39.383677,-105.074775,2229.921631,2014-10-04T21:37:01Z
39.383677,-105.074772,2229.195313,2014-10-04T21:37:02Z
39.383684,-105.074763,2229.399658,2014-10-04T21:37:03Z
39.383683,-105.074763,2229.706787,2014-10-04T21:37:04Z
39.383682,-105.074763,2230.243164,2014-10-04T21:37:05Z
39.383682,-105.074763,2230.446533,2014-10-04T21:37:06Z
39.383682,-105.074763,2229.513184,2014-10-04T21:37:07Z
39.383681,-105.074763,2229.613770,2014-10-04T21:37:08Z
39.383681,-105.074764,2229.714355,2014-10-04T21:37:09Z
39.383680,-105.074764,2229.194580,2014-10-04T21:37:10Z
39.383680,-105.074764,2228.468506,2014-10-04T21:37:11Z
39.383680,-105.074765,2228.569580,2014-10-04T21:37:12Z
39.383679,-105.074765,2228.980225,2014-10-04T21:37:13Z
39.383677,-105.074769,2228.978027,2014-10-04T21:37:14Z
39.383690,-105.074749,2228.666260,2014-10-04T21:37:15Z
39.383711,-105.074721,2228.664307,2014-10-04T21:37:16Z
39.383741,-105.074691,2228.662598,2014-10-04T21:37:17Z
39.383781,-105.074651,2229.384521,2014-10-04T21:37:18Z
39.383826,-105.074597,2230.209473,2014-10-04T21:37:19Z
39.383875,-105.074531,2230.207275,2014-10-04T21:37:20Z
39.383926,-105.074449,2230.411377,2014-10-04T21:37:21Z
39.383976,-105.074352,2230.306152,2014-10-04T21:37:22Z
39.384021,-105.074235,2230.200195,2014-10-04T21:37:23Z
39.384055,-105.074103,2229.577393,2014-10-04T21:37:24Z
39.384077,-105.073955,2229.161865,2014-10-04T21:37:25Z
39.384081,-105.073797,2228.332764,2014-10-04T21:37:26Z
39.384069,-105.073630,2227.607178,2014-10-04T21:37:27Z
39.384042,-105.073459,2227.191406,2014-10-04T21:37:28Z
39.384004,-105.073285,2226.776611,2014-10-04T21:37:29Z
39.383957,-105.073113,2227.601563,2014-10-04T21:37:30Z
39.383907,-105.072945,2226.979248,2014-10-04T21:37:31Z
39.383858,-105.072782,2227.804443,2014-10-04T21:37:32Z
39.383812,-105.072628,2228.421143,2014-10-04T21:37:33Z
39.383774,-105.072477,2228.830811,2014-10-04T21:37:34Z
39.383749,-105.072327,2229.860596,2014-10-04T21:37:35Z
39.383741,-105.072177,2230.890625,2014-10-04T21:37:36Z
39.383751,-105.072032,2230.990723,2014-10-04T21:37:37Z
39.383773,-105.071889,2231.710938,2014-10-04T21:37:38Z
39.383803,-105.071746,2233.671631,2014-10-04T21:37:39Z
39.383836,-105.071602,2235.010986,2014-10-04T21:37:40Z
39.383870,-105.071457,2236.144287,2014-10-04T21:37:41Z
39.383902,-105.071308,2236.863770,2014-10-04T21:37:42Z
39.383934,-105.071152,2236.860107,2014-10-04T21:37:43Z
39.383965,-105.070989,2236.753906,2014-10-04T21:37:44Z
39.383995,-105.070825,2236.751953,2014-10-04T21:37:45Z
39.384022,-105.070657,2237.784180,2014-10-04T21:37:46Z
39.384044,-105.070485,2240.159912,2014-10-04T21:37:47Z
39.384062,-105.070311,2243.774170,2014-10-04T21:37:48Z
39.384078,-105.070135,2244.081299,2014-10-04T21:37:49Z
39.384090,-105.069955,2245.008301,2014-10-04T21:37:50Z
39.384097,-105.069770,2246.142090,2014-10-04T21:37:51Z
39.384100,-105.069582,2246.759766,2014-10-04T21:37:52Z
39.384099,-105.069392,2247.790527,2014-10-04T21:37:53Z
39.384091,-105.069205,2249.338379,2014-10-04T21:37:54Z
39.384077,-105.069026,2250.059082,2014-10-04T21:37:55Z
39.384058,-105.068856,2250.573486,2014-10-04T21:37:56Z
39.384027,-105.068690,2250.777588,2014-10-04T21:37:57Z
39.383981,-105.068533,2252.222656,2014-10-04T21:37:58Z
39.383916,-105.068391,2251.290527,2014-10-04T21:37:59Z
39.383841,-105.068268,2250.979492,2014-10-04T21:38:00Z
39.383765,-105.068162,2251.185547,2014-10-04T21:38:01Z
39.383689,-105.068063,2251.288818,2014-10-04T21:38:02Z
39.383622,-105.067954,2251.909180,2014-10-04T21:38:03Z
39.383575,-105.067833,2251.909424,2014-10-04T21:38:04Z
39.383548,-105.067710,2252.139893,2014-10-04T21:38:05Z
39.383542,-105.067592,2252.140625,2014-10-04T21:38:06Z
39.383572,-105.067475,2252.968506,2014-10-04T21:38:07Z
39.383640,-105.067360,2254.623291,2014-10-04T21:38:08Z
39.383727,-105.067253,2255.455322,2014-10-04T21:38:09Z
39.383829,-105.067146,2254.003418,2014-10-04T21:38:10Z
39.383933,-105.067027,2252.144531,2014-10-04T21:38:11Z
39.384039,-105.066897,2251.114746,2014-10-04T21:38:12Z
39.384147,-105.066762,2251.118896,2014-10-04T21:38:13Z
39.384257,-105.066627,2252.154541,2014-10-04T21:38:14Z
39.384368,-105.066500,2254.327393,2014-10-04T21:38:15Z
39.384475,-105.066380,2256.725342,2014-10-04T21:38:16Z
39.384573,-105.066256,2258.294189,2014-10-04T21:38:17Z
39.384661,-105.066129,2258.713867,2014-10-04T21:38:18Z
39.384738,-105.065995,2258.820313,2014-10-04T21:38:19Z
39.384804,-105.065846,2259.345215,2014-10-04T21:38:20Z
39.384860,-105.065682,2259.660645,2014-10-04T21:38:21Z
39.384906,-105.065503,2259.558594,2014-10-04T21:38:22Z
39.384946,-105.065311,2259.769531,2014-10-04T21:38:23Z
39.384983,-105.065106,2259.249756,2014-10-04T21:38:24Z
39.385017,-105.064892,2259.460938,2014-10-04T21:38:25Z
39.385045,-105.064674,2258.731445,2014-10-04T21:38:26Z
39.385069,-105.064452,2257.584961,2014-10-04T21:38:27Z
39.385087,-105.064231,2256.647461,2014-10-04T21:38:28Z
39.385099,-105.064014,2256.127686,2014-10-04T21:38:29Z
39.385109,-105.063798,2256.025635,2014-10-04T21:38:30Z
39.385120,-105.063576,2255.818359,2014-10-04T21:38:31Z
39.385132,-105.063350,2254.674072,2014-10-04T21:38:32Z
39.385144,-105.063120,2251.368164,2014-10-04T21:38:33Z
39.385158,-105.062888,2245.891357,2014-10-04T21:38:34Z
39.385172,-105.062658,2243.826172,2014-10-04T21:38:35Z
39.385185,-105.062433,2243.622314,2014-10-04T21:38:36Z
39.385197,-105.062217,2243.417725,2014-10-04T21:38:37Z
39.385212,-105.062011,2242.385986,2014-10-04T21:38:38Z
39.385228,-105.061811,2241.146973,2014-10-04T21:38:39Z
39.385251,-105.061615,2240.632324,2014-10-04T21:38:40Z
39.385284,-105.061419,2239.392822,2014-10-04T21:38:41Z
39.385333,-105.061221,2236.707031,2014-10-04T21:38:42Z
39.385393,-105.061026,2234.021484,2014-10-04T21:38:43Z
39.385457,-105.060838,2232.473145,2014-10-04T21:38:44Z
39.385518,-105.060661,2233.095947,2014-10-04T21:38:45Z
39.385575,-105.060501,2232.580811,2014-10-04T21:38:46Z
39.385630,-105.060351,2232.582275,2014-10-04T21:38:47Z
39.385684,-105.060201,2232.686768,2014-10-04T21:38:48Z
39.385733,-105.060054,2233.204346,2014-10-04T21:38:49Z
39.385777,-105.059919,2233.307617,2014-10-04T21:38:50Z
39.385805,-105.059805,2233.411377,2014-10-04T21:38:51Z
39.385822,-105.059712,2233.307617,2014-10-04T21:38:52Z
39.385834,-105.059639,2232.273926,2014-10-04T21:38:53Z
39.385844,-105.059585,2231.757080,2014-10-04T21:38:54Z
39.385852,-105.059545,2230.929932,2014-10-04T21:38:55Z
39.385862,-105.059525,2230.826416,2014-10-04T21:38:56Z
39.385862,-105.059522,2230.723145,2014-10-04T21:38:57Z
39.385870,-105.059513,2230.206299,2014-10-04T21:38:58Z
39.385869,-105.059513,2229.895752,2014-10-04T21:38:59Z
39.385869,-105.059514,2230.412354,2014-10-04T21:39:00Z
39.385869,-105.059514,2229.998779,2014-10-04T21:39:01Z
39.385869,-105.059515,2227.931396,2014-10-04T21:39:02Z
39.385868,-105.059515,2224.107666,2014-10-04T21:39:03Z
39.385867,-105.059515,2222.248779,2014-10-04T21:39:04Z
39.385867,-105.059516,2224.372803,2014-10-04T21:39:05Z
39.385866,-105.059516,2226.131592,2014-10-04T21:39:06Z
39.385866,-105.059516,2227.787109,2014-10-04T21:39:07Z
39.385866,-105.059517,2227.373779,2014-10-04T21:39:08Z
39.385869,-105.059515,2226.650879,2014-10-04T21:39:09Z
39.385882,-105.059501,2226.651855,2014-10-04T21:39:10Z
39.385899,-105.059474,2227.375977,2014-10-04T21:39:11Z
39.385920,-105.059439,2228.100098,2014-10-04T21:39:12Z
39.385947,-105.059391,2228.823730,2014-10-04T21:39:13Z
39.385978,-105.059328,2228.927002,2014-10-04T21:39:14Z
39.386012,-105.059253,2228.202637,2014-10-04T21:39:15Z
39.386051,-105.059170,2227.996094,2014-10-04T21:39:16Z
39.386094,-105.059085,2228.099121,2014-10-04T21:39:17Z
39.386146,-105.058999,2227.994873,2014-10-04T21:39:18Z
39.386207,-105.058914,2227.270752,2014-10-04T21:39:19Z
39.386275,-105.058828,2226.443115,2014-10-04T21:39:20Z
39.386347,-105.058745,2225.408691,2014-10-04T21:39:21Z
39.386419,-105.058667,2223.341309,2014-10-04T21:39:22Z
39.386490,-105.058595,2222.307617,2014-10-04T21:39:23Z
39.386557,-105.058526,2222.100830,2014-10-04T21:39:24Z
39.386616,-105.058457,2221.997314,2014-10-04T21:39:25Z
39.386660,-105.058383,2220.549316,2014-10-04T21:39:26Z
39.386682,-105.058301,2218.482178,2014-10-04T21:39:27Z
39.386674,-105.058223,2218.482178,2014-10-04T21:39:28Z
39.386639,-105.058172,2217.448242,2014-10-04T21:39:29Z
39.386586,-105.058159,2217.860840,2014-10-04T21:39:30Z
39.386528,-105.058176,2216.929443,2014-10-04T21:39:31Z
39.386467,-105.058209,2215.895020,2014-10-04T21:39:32Z
39.386400,-105.058254,2216.616455,2014-10-04T21:39:33Z
39.386324,-105.058298,2216.200684,2014-10-04T21:39:34Z
39.386242,-105.058343,2215.990967,2014-10-04T21:39:35Z
39.386156,-105.058390,2215.885254,2014-10-04T21:39:36Z
39.386065,-105.058439,2215.778320,2014-10-04T21:39:37Z
39.385971,-105.058492,2215.051514,2014-10-04T21:39:38Z
39.385872,-105.058548,2214.840820,2014-10-04T21:39:39Z
39.385771,-105.058610,2214.319824,2014-10-04T21:39:40Z
39.385669,-105.058675,2212.765625,2014-10-04T21:39:41Z
39.385565,-105.058746,2209.661621,2014-10-04T21:39:42Z
39.385463,-105.058822,2208.108887,2014-10-04T21:39:43Z
39.385364,-105.058901,2206.866699,2014-10-04T21:39:44Z
39.385271,-105.058981,2204.901611,2014-10-04T21:39:45Z
39.385184,-105.059061,2203.866699,2014-10-04T21:39:46Z
39.385097,-105.059136,2202.521729,2014-10-04T21:39:47Z
39.385005,-105.059202,2201.384033,2014-10-04T21:39:48Z
39.384900,-105.059248,2201.589600,2014-10-04T21:39:49Z
39.384791,-105.059275,2200.967041,2014-10-04T21:39:50Z
39.384686,-105.059300,2199.517822,2014-10-04T21:39:51Z
39.384588,-105.059329,2199.205566,2014-10-04T21:39:52Z
39.384495,-105.059375,2198.272461,2014-10-04T21:39:53Z
39.384404,-105.059440,2197.752686,2014-10-04T21:39:54Z
39.384314,-105.059520,2197.129150,2014-10-04T21:39:55Z
39.384229,-105.059608,2194.644775,2014-10-04T21:39:56Z
39.384146,-105.059695,2191.955566,2014-10-04T21:39:57Z
39.384062,-105.059770,2191.126221,2014-10-04T21:39:58Z
39.383968,-105.059812,2191.020996,2014-10-04T21:39:59Z
39.383865,-105.059810,2190.811523,2014-10-04T21:40:00Z
39.383772,-105.059765,2190.188721,2014-10-04T21:40:01Z
39.383699,-105.059687,2189.358887,2014-10-04T21:40:02Z
39.383646,-105.059590,2188.632568,2014-10-04T21:40:03Z
39.383611,-105.059478,2188.423096,2014-10-04T21:40:04Z
39.383596,-105.059354,2188.362305,2014-10-04T21:40:05Z
39.383598,-105.059221,2188.564941,2014-10-04T21:40:06Z
39.383614,-105.059085,2188.974121,2014-10-04T21:40:07Z
39.383634,-105.058946,2189.382324,2014-10-04T21:40:08Z
39.383654,-105.058807,2189.686523,2014-10-04T21:40:09Z
39.383672,-105.058669,2189.784180,2014-10-04T21:40:10Z
39.383682,-105.058539,2190.191162,2014-10-04T21:40:11Z
39.383681,-105.058416,2190.804688,2014-10-04T21:40:12Z
39.383666,-105.058302,2191.418457,2014-10-04T21:40:13Z
39.383634,-105.058196,2192.445313,2014-10-04T21:40:14Z
39.383589,-105.058093,2194.711182,2014-10-04T21:40:15Z
39.383551,-105.057981,2195.012939,2014-10-04T21:40:16Z
39.383529,-105.057859,2194.901123,2014-10-04T21:40:17Z
39.383530,-105.057732,2195.306152,2014-10-04T21:40:18Z
39.383550,-105.057605,2196.124512,2014-10-04T21:40:19Z
39.383578,-105.057478,2196.322754,2014-10-04T21:40:20Z
39.383613,-105.057349,2195.591309,2014-10-04T21:40:21Z
39.383655,-105.057215,2195.170654,2014-10-04T21:40:22Z
39.383692,-105.057074,2195.578369,2014-10-04T21:40:23Z
39.383720,-105.056933,2196.916016,2014-10-04T21:40:24Z
39.383748,-105.056797,2198.666504,2014-10-04T21:40:25Z
39.383776,-105.056668,2199.589600,2014-10-04T21:40:26Z
39.383800,-105.056549,2200.099121,2014-10-04T21:40:27Z
39.383822,-105.056437,2200.298096,2014-10-04T21:40:28Z
39.383831,-105.056326,2199.567383,2014-10-04T21:40:29Z
39.383820,-105.056217,2198.840576,2014-10-04T21:40:30Z
39.383786,-105.056108,2199.147461,2014-10-04T21:40:31Z
39.383738,-105.055992,2198.937500,2014-10-04T21:40:32Z
39.383678,-105.055867,2198.624512,2014-10-04T21:40:33Z
39.383611,-105.055732,2197.588135,2014-10-04T21:40:34Z
39.383541,-105.055589,2196.034912,2014-10-04T21:40:35Z
39.383467,-105.055437,2197.376709,2014-10-04T21:40:36Z
39.383399,-105.055277,2198.097412,2014-10-04T21:40:37Z
39.383340,-105.055114,2196.854248,2014-10-04T21:40:38Z
39.383279,-105.054954,2194.371338,2014-10-04T21:40:39Z
39.383212,-105.054792,2189.925049,2014-10-04T21:40:40Z
39.383141,-105.054630,2190.028564,2014-10-04T21:40:41Z
39.383074,-105.054464,2189.304688,2014-10-04T21:40:42Z
39.383012,-105.054299,2188.271729,2014-10-04T21:40:43Z
39.382957,-105.054146,2186.205078,2014-10-04T21:40:44Z
39.382903,-105.054011,2186.103027,2014-10-04T21:40:45Z
39.382834,-105.053889,2186.000977,2014-10-04T21:40:46Z
39.382753,-105.053765,2185.072266,2014-10-04T21:40:47Z
39.382662,-105.053638,2183.833496,2014-10-04T21:40:48Z
39.382571,-105.053520,2180.941406,2014-10-04T21:40:49Z
39.382480,-105.053404,2175.569336,2014-10-04T21:40:50Z
39.382395,-105.053285,2175.883789,2014-10-04T21:40:51Z
39.382311,-105.053176,2175.888428,2014-10-04T21:40:52Z
39.382231,-105.053089,2175.996338,2014-10-04T21:40:53Z
39.382141,-105.053029,2175.690674,2014-10-04T21:40:54Z
39.382042,-105.052994,2175.281250,2014-10-04T21:40:55Z
39.381936,-105.052976,2174.975098,2014-10-04T21:40:56Z
39.381827,-105.052967,2174.054443,2014-10-04T21:40:57Z
39.381713,-105.052948,2174.063477,2014-10-04T21:40:58Z
39.381597,-105.052906,2173.451660,2014-10-04T21:40:59Z
39.381484,-105.052842,2172.322754,2014-10-04T21:41:00Z
39.381377,-105.052777,2171.503662,2014-10-04T21:41:01Z
39.381275,-105.052721,2171.407471,2014-10-04T21:41:02Z
39.381176,-105.052683,2170.793701,2014-10-04T21:41:03Z
39.381075,-105.052672,2170.076660,2014-10-04T21:41:04Z
39.380971,-105.052685,2169.557617,2014-10-04T21:41:05Z
39.380862,-105.052721,2168.529785,2014-10-04T21:41:06Z
39.380749,-105.052768,2167.088867,2014-10-04T21:41:07Z
39.380633,-105.052819,2164.925049,2014-10-04T21:41:08Z
39.380517,-105.052871,2164.312012,2014-10-04T21:41:09Z
39.380400,-105.052925,2164.111572,2014-10-04T21:41:10Z
39.380283,-105.052976,2163.187256,2014-10-04T21:41:11Z
39.380165,-105.053024,2162.366211,2014-10-04T21:41:12Z
39.380044,-105.053061,2161.648438,2014-10-04T21:41:13Z
39.379927,-105.053085,2161.137207,2014-10-04T21:41:14Z
39.379813,-105.053087,2161.142578,2014-10-04T21:41:15Z
39.379707,-105.053059,2161.457520,2014-10-04T21:41:16Z
39.379616,-105.052999,2162.288574,2014-10-04T21:41:17Z
39.379551,-105.052907,2161.879395,2014-10-04T21:41:18Z
39.379514,-105.052797,2162.089600,2014-10-04T21:41:19Z
39.379498,-105.052680,2162.092529,2014-10-04T21:41:20Z
39.379505,-105.052558,2162.301514,2014-10-04T21:41:21Z
39.379532,-105.052430,2162.614014,2014-10-04T21:41:22Z
39.379567,-105.052297,2163.752197,2014-10-04T21:41:23Z
39.379607,-105.052159,2163.752930,2014-10-04T21:41:24Z
39.379651,-105.052015,2164.787109,2014-10-04T21:41:25Z
39.379701,-105.051864,2165.820068,2014-10-04T21:41:26Z
39.379757,-105.051706,2166.336182,2014-10-04T21:41:27Z
39.379812,-105.051546,2165.612305,2014-10-04T21:41:28Z
39.379876,-105.051384,2166.335449,2014-10-04T21:41:29Z
39.379944,-105.051219,2166.335205,2014-10-04T21:41:30Z
39.380022,-105.051057,2166.748535,2014-10-04T21:41:31Z
39.380106,-105.050896,2167.161865,2014-10-04T21:41:32Z
39.380194,-105.050735,2168.712646,2014-10-04T21:41:33Z
39.380272,-105.050571,2170.986084,2014-10-04T21:41:34Z
39.380340,-105.050401,2172.431885,2014-10-04T21:41:35Z
39.380406,-105.050227,2173.154541,2014-10-04T21:41:36Z
39.380473,-105.050055,2173.358154,2014-10-04T21:41:37Z
39.380541,-105.049890,2173.872314,2014-10-04T21:41:38Z
39.380614,-105.049732,2173.249512,2014-10-04T21:41:39Z
39.380690,-105.049576,2172.834229,2014-10-04T21:41:40Z
39.380767,-105.049416,2173.349365,2014-10-04T21:41:41Z
39.380843,-105.049244,2173.244141,2014-10-04T21:41:42Z
39.380918,-105.049058,2173.655273,2014-10-04T21:41:43Z
39.380993,-105.048859,2173.549805,2014-10-04T21:41:44Z
39.381069,-105.048649,2172.513428,2014-10-04T21:41:45Z
39.381147,-105.048429,2171.167480,2014-10-04T21:41:46Z
39.381223,-105.048199,2170.441895,2014-10-04T21:41:47Z
39.381300,-105.047967,2170.128906,2014-10-04T21:41:48Z
39.381375,-105.047734,2169.919189,2014-10-04T21:41:49Z
39.381443,-105.047493,2167.745605,2014-10-04T21:41:50Z
39.381500,-105.047246,2162.782715,2014-10-04T21:41:51Z
39.381551,-105.046997,2160.406250,2014-10-04T21:41:52Z
39.381593,-105.046744,2156.066895,2014-10-04T21:41:53Z
39.381623,-105.046491,2157.929199,2014-10-04T21:41:54Z
39.381647,-105.046245,2157.310059,2014-10-04T21:41:55Z
39.381669,-105.046005,2156.070068,2014-10-04T21:41:56Z
39.381694,-105.045768,2153.280273,2014-10-04T21:41:57Z
39.381724,-105.045534,2150.395752,2014-10-04T21:41:58Z
39.381760,-105.045306,2148.861328,2014-10-04T21:41:59Z
39.381798,-105.045080,2149.272461,2014-10-04T21:42:00Z
39.381837,-105.044854,2149.989746,2014-10-04T21:42:01Z
39.381875,-105.044627,2150.604492,2014-10-04T21:42:02Z
39.381912,-105.044397,2150.808838,2014-10-04T21:42:03Z
39.381943,-105.044165,2150.910645,2014-10-04T21:42:04Z
39.381966,-105.043928,2149.402588,2014-10-04T21:42:05Z
39.381981,-105.043693,2145.921387,2014-10-04T21:42:06Z
39.381992,-105.043464,2140.290771,2014-10-04T21:42:07Z
39.382002,-105.043244,2138.244873,2014-10-04T21:42:08Z
39.382013,-105.043030,2138.041748,2014-10-04T21:42:09Z
39.382026,-105.042822,2138.042969,2014-10-04T21:42:10Z
39.382045,-105.042618,2137.838867,2014-10-04T21:42:11Z
39.382077,-105.042415,2137.634766,2014-10-04T21:42:12Z
39.382121,-105.042211,2137.225342,2014-10-04T21:42:13Z
39.382175,-105.042009,2136.918213,2014-10-04T21:42:14Z
39.382235,-105.041811,2136.610840,2014-10-04T21:42:15Z
39.382293,-105.041618,2135.484131,2014-10-04T21:42:16Z
39.382345,-105.041425,2133.947998,2014-10-04T21:42:17Z
39.382383,-105.041229,2131.797852,2014-10-04T21:42:18Z
39.382413,-105.041037,2130.876221,2014-10-04T21:42:19Z
39.382444,-105.040848,2130.569580,2014-10-04T21:42:20Z
39.382486,-105.040660,2129.340576,2014-10-04T21:42:21Z
39.382543,-105.040474,2127.600098,2014-10-04T21:42:22Z
39.382613,-105.040291,2125.142822,2014-10-04T21:42:23Z
39.382692,-105.040112,2123.915039,2014-10-04T21:42:24Z
39.382784,-105.039941,2122.993896,2014-10-04T21:42:25Z
39.382893,-105.039784,2122.277832,2014-10-04T21:42:26Z
39.383009,-105.039648,2122.790039,2014-10-04T21:42:27Z
39.383121,-105.039525,2122.277832,2014-10-04T21:42:28Z
39.383220,-105.039399,2122.379639,2014-10-04T21:42:29Z
39.383301,-105.039265,2121.355225,2014-10-04T21:42:30Z
39.383357,-105.039118,2118.794922,2014-10-04T21:42:31Z
39.383387,-105.038958,2116.542236,2014-10-04T21:42:32Z
39.383398,-105.038791,2115.314209,2014-10-04T21:42:33Z
39.383397,-105.038621,2115.621338,2014-10-04T21:42:34Z
39.383389,-105.038447,2114.699951,2014-10-04T21:42:35Z
39.383381,-105.038266,2113.471191,2014-10-04T21:42:36Z
39.383378,-105.038086,2113.061523,2014-10-04T21:42:37Z
39.383387,-105.037907,2112.344727,2014-10-04T21:42:38Z
39.383415,-105.037728,2112.037109,2014-10-04T21:42:39Z
39.383457,-105.037550,2111.832031,2014-10-04T21:42:40Z
39.383518,-105.037381,2112.240234,2014-10-04T21:42:41Z
39.383599,-105.037219,2111.932129,2014-10-04T21:42:42Z
39.383692,-105.037060,2110.702393,2014-10-04T21:42:43Z
39.383787,-105.036898,2109.369873,2014-10-04T21:42:44Z
39.383881,-105.036731,2106.809814,2014-10-04T21:42:45Z
39.383976,-105.036565,2103.021240,2014-10-04T21:42:46Z
39.384070,-105.036405,2101.690674,2014-10-04T21:42:47Z
39.384166,-105.036252,2101.485840,2014-10-04T21:42:48Z
39.384265,-105.036100,2101.076660,2014-10-04T21:42:49Z
39.384362,-105.035945,2101.485107,2014-10-04T21:42:50Z
39.384444,-105.035777,2101.791504,2014-10-04T21:42:51Z
39.384505,-105.035592,2101.994385,2014-10-04T21:42:52Z
39.384553,-105.035395,2101.173096,2014-10-04T21:42:53Z
39.384588,-105.035192,2099.225342,2014-10-04T21:42:54Z
39.384610,-105.034997,2096.766357,2014-10-04T21:42:55Z
39.384618,-105.034814,2091.646484,2014-10-04T21:42:56Z
39.384627,-105.034639,2086.936768,2014-10-04T21:42:57Z
39.384650,-105.034470,2086.015625,2014-10-04T21:42:58Z
39.384693,-105.034309,2086.630371,2014-10-04T21:42:59Z
39.384749,-105.034158,2087.039063,2014-10-04T21:43:00Z
39.384802,-105.034012,2087.242920,2014-10-04T21:43:01Z
39.384833,-105.033871,2086.832031,2014-10-04T21:43:02Z
39.384842,-105.033734,2086.010986,2014-10-04T21:43:03Z
39.384828,-105.033600,2086.111572,2014-10-04T21:43:04Z
39.384797,-105.033465,2085.484375,2014-10-04T21:43:05Z
39.384762,-105.033328,2083.229736,2014-10-04T21:43:06Z
39.384724,-105.033187,2081.590088,2014-10-04T21:43:07Z
39.384682,-105.033040,2080.257324,2014-10-04T21:43:08Z
39.384638,-105.032891,2079.437012,2014-10-04T21:43:09Z
39.384587,-105.032744,2080.049561,2014-10-04T21:43:10Z
39.384529,-105.032599,2079.843018,2014-10-04T21:43:11Z
39.384471,-105.032453,2079.636963,2014-10-04T21:43:12Z
39.384413,-105.032303,2079.532715,2014-10-04T21:43:13Z
39.384361,-105.032149,2078.097412,2014-10-04T21:43:14Z
39.384317,-105.031990,2075.434082,2014-10-04T21:43:15Z
39.384280,-105.031832,2073.794189,2014-10-04T21:43:16Z
39.384239,-105.031687,2072.871582,2014-10-04T21:43:17Z
39.384188,-105.031565,2071.641602,2014-10-04T21:43:18Z
39.384123,-105.031464,2070.616455,2014-10-04T21:43:19Z
39.384040,-105.031384,2070.409912,2014-10-04T21:43:20Z
39.383944,-105.031331,2069.793945,2014-10-04T21:43:21Z
39.383837,-105.031305,2069.177979,2014-10-04T21:43:22Z
39.383724,-105.031299,2067.333252,2014-10-04T21:43:23Z
39.383612,-105.031296,2064.772217,2014-10-04T21:43:24Z
39.383504,-105.031288,2064.770996,2014-10-04T21:43:25Z
39.383413,-105.031276,2064.564941,2014-10-04T21:43:26Z
39.383337,-105.031267,2064.153564,2014-10-04T21:43:27Z
39.383283,-105.031272,2062.718506,2014-10-04T21:43:28Z
39.383248,-105.031289,2061.488281,2014-10-04T21:43:29Z
39.383234,-105.031313,2061.077393,2014-10-04T21:43:30Z
39.383230,-105.031335,2060.871338,2014-10-04T21:43:31Z
39.383230,-105.031334,2060.767334,2014-10-04T21:43:32Z
39.383231,-105.031350,2060.458496,2014-10-04T21:43:33Z
39.383231,-105.031351,2061.071045,2014-10-04T21:43:34Z
39.383232,-105.031352,2060.660156,2014-10-04T21:43:35Z
39.383232,-105.031353,2059.532227,2014-10-04T21:43:36Z
39.383232,-105.031352,2058.916260,2014-10-04T21:43:37Z
39.383236,-105.031362,2059.119873,2014-10-04T21:43:38Z
39.383235,-105.031362,2059.118164,2014-10-04T21:43:39Z
39.383234,-105.031362,2059.116699,2014-10-04T21:43:40Z
39.383234,-105.031362,2059.524902,2014-10-04T21:43:41Z
39.383234,-105.031362,2059.727783,2014-10-04T21:43:42Z
39.383234,-105.031362,2059.316406,2014-10-04T21:43:43Z
39.383232,-105.031359,2060.031738,2014-10-04T21:43:44Z
39.383231,-105.031363,2060.030273,2014-10-04T21:43:45Z
39.383214,-105.031381,2059.926758,2014-10-04T21:43:46Z
39.383191,-105.031382,2059.925293,2014-10-04T21:43:47Z
39.383168,-105.031362,2059.923584,2014-10-04T21:43:48Z
39.383153,-105.031338,2060.331055,2014-10-04T21:43:49Z
39.383142,-105.031312,2060.227295,2014-10-04T21:43:50Z
39.383132,-105.031288,2060.327637,2014-10-04T21:43:51Z
39.383119,-105.031259,2060.531006,2014-10-04T21:43:52Z
39.383099,-105.031229,2060.529053,2014-10-04T21:43:53Z
39.383065,-105.031195,2060.527344,2014-10-04T21:43:54Z
39.383014,-105.031161,2060.422852,2014-10-04T21:43:55Z
39.382949,-105.031127,2060.421143,2014-10-04T21:43:56Z
39.382878,-105.031092,2059.088379,2014-10-04T21:43:57Z
39.382809,-105.031046,2056.936523,2014-10-04T21:43:58Z
39.382745,-105.030985,2055.604248,2014-10-04T21:43:59Z
39.382690,-105.030907,2056.114746,2014-10-04T21:44:00Z
39.382648,-105.030808,2056.317383,2014-10-04T21:44:01Z
39.382621,-105.030696,2056.416992,2014-10-04T21:44:02Z
39.382608,-105.030570,2056.414307,2014-10-04T21:44:03Z
39.382612,-105.030436,2055.797119,2014-10-04T21:44:04Z
39.382631,-105.030295,2055.411377,2014-10-04T21:44:05Z
39.382660,-105.030148,2055.510498,2014-10-04T21:44:06Z
39.382702,-105.029998,2054.893066,2014-10-04T21:44:07Z
39.382746,-105.029846,2053.865967,2014-10-04T21:44:08Z
39.382783,-105.029689,2051.508301,2014-10-04T21:44:09Z
39.382813,-105.029530,2049.764648,2014-10-04T21:44:10Z
39.382838,-105.029374,2047.729004,2014-10-04T21:44:11Z
39.382867,-105.029221,2044.891724,2014-10-04T21:44:12Z
39.382905,-105.029076,2044.384399,2014-10-04T21:44:13Z
39.382962,-105.028937,2043.877075,2014-10-04T21:44:14Z
39.383035,-105.028810,2042.862915,2014-10-04T21:44:15Z
39.383114,-105.028698,2043.469360,2014-10-04T21:44:16Z
39.383190,-105.028594,2042.657227,2014-10-04T21:44:17Z
39.383259,-105.028485,2042.553467,2014-10-04T21:44:18Z
39.383315,-105.028363,2041.638794,2014-10-04T21:44:19Z
39.383356,-105.028228,2039.002808,2014-10-04T21:44:20Z
39.383378,-105.028085,2037.683838,2014-10-04T21:44:21Z
39.383384,-105.027941,2038.997437,2014-10-04T21:44:22Z
39.383387,-105.027800,2040.006592,2014-10-04T21:44:23Z
39.383402,-105.027657,2036.964478,2014-10-04T21:44:24Z
39.383435,-105.027513,2028.961182,2014-10-04T21:44:25Z
39.383484,-105.027368,2029.669189,2014-10-04T21:44:26Z
39.383547,-105.027224,2028.958496,2014-10-04T21:44:27Z
39.383625,-105.027086,2029.057739,2014-10-04T21:44:28Z
39.383716,-105.026959,2028.447754,2014-10-04T21:44:29Z
39.383814,-105.026839,2026.622314,2014-10-04T21:44:30Z
39.383907,-105.026723,2026.315918,2014-10-04T21:44:31Z
39.383990,-105.026606,2025.199097,2014-10-04T21:44:32Z
39.384058,-105.026475,2022.866943,2014-10-04T21:44:33Z
39.384116,-105.026328,2023.269043,2014-10-04T21:44:34Z
39.384153,-105.026165,2022.252930,2014-10-04T21:44:35Z
39.384171,-105.025987,2019.818848,2014-10-04T21:44:36Z
39.384177,-105.025804,2017.182617,2014-10-04T21:44:37Z
39.384178,-105.025619,2017.888306,2014-10-04T21:44:38Z
39.384181,-105.025432,2017.276733,2014-10-04T21:44:39Z
39.384192,-105.025247,2015.854614,2014-10-04T21:44:40Z
39.384213,-105.025064,2015.546387,2014-10-04T21:44:41Z
39.384236,-105.024884,2014.731079,2014-10-04T21:44:42Z
39.384244,-105.024703,2010.776367,2014-10-04T21:44:43Z
39.384239,-105.024530,2003.682983,2014-10-04T21:44:44Z
39.384227,-105.024370,2002.971069,2014-10-04T21:44:45Z
39.384222,-105.024220,2002.664062,2014-10-04T21:44:46Z
39.384237,-105.024079,2002.457886,2014-10-04T21:44:47Z
39.384278,-105.023949,2001.542358,2014-10-04T21:44:48Z
39.384345,-105.023838,1999.512695,2014-10-04T21:44:49Z
39.384430,-105.023741,1998.799561,2014-10-04T21:44:50Z
39.384527,-105.023648,1998.288940,2014-10-04T21:44:51Z
39.384633,-105.023555,1998.284180,2014-10-04T21:44:52Z
39.384746,-105.023463,1997.974976,2014-10-04T21:44:53Z
39.384865,-105.023365,1996.753784,2014-10-04T21:44:54Z
39.384992,-105.023262,1994.620728,2014-10-04T21:44:55Z
39.385121,-105.023160,1993.500610,2014-10-04T21:44:56Z
39.385250,-105.023057,1992.987915,2014-10-04T21:44:57Z
39.385375,-105.022954,1991.765625,2014-10-04T21:44:58Z
39.385493,-105.022851,1989.530762,2014-10-04T21:44:59Z
39.385609,-105.022751,1986.182129,2014-10-04T21:45:00Z
39.385721,-105.022652,1982.935425,2014-10-04T21:45:01Z
39.385829,-105.022556,1982.524780,2014-10-04T21:45:02Z
39.385933,-105.022463,1981.911255,2014-10-04T21:45:03Z
39.386028,-105.022374,1980.183594,2014-10-04T21:45:04Z
39.386116,-105.022287,1978.225342,2014-10-04T21:45:05Z
39.386199,-105.022208,1975.383423,2014-10-04T21:45:06Z
39.386276,-105.022144,1972.947632,2014-10-04T21:45:07Z
39.386346,-105.022105,1973.747314,2014-10-04T21:45:08Z
39.386408,-105.022089,1973.736084,2014-10-04T21:45:09Z
39.386456,-105.022083,1973.724487,2014-10-04T21:45:10Z
39.386492,-105.022078,1973.105103,2014-10-04T21:45:11Z
39.386518,-105.022066,1972.688232,2014-10-04T21:45:12Z
39.386534,-105.022047,1972.575073,2014-10-04T21:45:13Z
39.386537,-105.022022,1972.461670,2014-10-04T21:45:14Z
39.386533,-105.022008,1972.449219,2014-10-04T21:45:15Z
39.386531,-105.022004,1972.436890,2014-10-04T21:45:16Z
39.386525,-105.021992,1972.423828,2014-10-04T21:45:17Z
39.386523,-105.021993,1972.410889,2014-10-04T21:45:18Z
39.386520,-105.021995,1972.499268,2014-10-04T21:45:19Z
39.386517,-105.021997,1972.891235,2014-10-04T21:45:20Z
39.386515,-105.021999,1973.283081,2014-10-04T21:45:21Z
39.386512,-105.022000,1973.573486,2014-10-04T21:45:22Z
39.386510,-105.022002,1973.864014,2014-10-04T21:45:23Z
39.386508,-105.022003,1973.141968,2014-10-04T21:45:24Z
39.386507,-105.022005,1972.218384,2014-10-04T21:45:25Z
39.386506,-105.022006,1972.510132,2014-10-04T21:45:26Z
39.386505,-105.022005,1972.498169,2014-10-04T21:45:27Z
39.386493,-105.022003,1972.183228,2014-10-04T21:45:28Z
39.386486,-105.021969,1972.172119,2014-10-04T21:45:29Z
39.386487,-105.021921,1972.672852,2014-10-04T21:45:30Z
39.386505,-105.021860,1973.274536,2014-10-04T21:45:31Z
39.386539,-105.021788,1973.774658,2014-10-04T21:45:32Z
39.386586,-105.021703,1973.768188,2014-10-04T21:45:33Z
39.386640,-105.021603,1973.154175,2014-10-04T21:45:34Z
39.386702,-105.021489,1973.249146,2014-10-04T21:45:35Z
39.386768,-105.021361,1973.343872,2014-10-04T21:45:36Z
39.386837,-105.021218,1974.248657,2014-10-04T21:45:37Z
39.386909,-105.021066,1974.140503,2014-10-04T21:45:38Z
39.386986,-105.020909,1973.518799,2014-10-04T21:45:39Z
39.387072,-105.020753,1972.087524,2014-10-04T21:45:40Z
39.387168,-105.020602,1971.770630,2014-10-04T21:45:41Z
39.387273,-105.020458,1970.745239,2014-10-04T21:45:42Z
39.387390,-105.020327,1970.935059,2014-10-04T21:45:43Z
39.387519,-105.020210,1970.415771,2014-10-04T21:45:44Z
39.387658,-105.020111,1969.592896,2014-10-04T21:45:45Z
39.387808,-105.020033,1968.770264,2014-10-04T21:45:46Z
39.387963,-105.019971,1968.049438,2014-10-04T21:45:47Z
39.388121,-105.019917,1968.340820,2014-10-04T21:45:48Z
39.388279,-105.019864,1968.125244,2014-10-04T21:45:49Z
39.388437,-105.019804,1968.213135,2014-10-04T21:45:50Z
39.388589,-105.019729,1967.389404,2014-10-04T21:45:51Z
39.388732,-105.019633,1966.464600,2014-10-04T21:45:52Z
39.388864,-105.019513,1965.641602,2014-10-04T21:45:53Z
39.388985,-105.019371,1965.425903,2014-10-04T21:45:54Z
39.389093,-105.019209,1965.210449,2014-10-04T21:45:55Z
39.389191,-105.019036,1964.590088,2014-10-04T21:45:56Z
39.389288,-105.018861,1963.767700,2014-10-04T21:45:57Z
39.389391,-105.018692,1963.249756,2014-10-04T21:45:58Z
39.389504,-105.018531,1963.946411,2014-10-04T21:45:59Z
39.389628,-105.018376,1964.338989,2014-10-04T21:46:00Z
39.389763,-105.018228,1965.237061,2014-10-04T21:46:01Z
39.389904,-105.018084,1965.324463,2014-10-04T21:46:02Z
39.390051,-105.017941,1964.804443,2014-10-04T21:46:03Z
39.390203,-105.017796,1964.689453,2014-10-04T21:46:04Z
39.390359,-105.017650,1964.395996,2014-10-04T21:46:05Z
39.390517,-105.017502,1963.875732,2014-10-04T21:46:06Z
39.390673,-105.017357,1963.659424,2014-10-04T21:46:07Z
39.390829,-105.017214,1963.240601,2014-10-04T21:46:08Z
39.390984,-105.017073,1963.429199,2014-10-04T21:46:09Z
39.391139,-105.016932,1963.820190,2014-10-04T21:46:10Z
39.391294,-105.016792,1963.096924,2014-10-04T21:46:11Z
39.391449,-105.016654,1961.868286,2014-10-04T21:46:12Z
39.391605,-105.016520,1960.944214,2014-10-04T21:46:13Z
39.391762,-105.016392,1960.324219,2014-10-04T21:46:14Z
39.391919,-105.016274,1959.906982,2014-10-04T21:46:15Z
39.392074,-105.016165,1959.489746,2014-10-04T21:46:16Z
39.392226,-105.016065,1958.465576,2014-10-04T21:46:17Z
39.392375,-105.015966,1958.960083,2014-10-04T21:46:18Z
39.392520,-105.015860,1958.340332,2014-10-04T21:46:19Z
39.392658,-105.015740,1957.619751,2014-10-04T21:46:20Z
39.392788,-105.015604,1956.898804,2014-10-04T21:46:21Z
39.392907,-105.015451,1956.481323,2014-10-04T21:46:22Z
39.393012,-105.015281,1955.861084,2014-10-04T21:46:23Z
39.393102,-105.015094,1955.948975,2014-10-04T21:46:24Z
39.393177,-105.014892,1955.529785,2014-10-04T21:46:25Z
39.393233,-105.014677,1955.110229,2014-10-04T21:46:26Z
39.393274,-105.014454,1954.082520,2014-10-04T21:46:27Z
39.393308,-105.014225,1951.941162,2014-10-04T21:46:28Z
39.393340,-105.013992,1950.205688,2014-10-04T21:46:29Z
39.393371,-105.013756,1948.672729,2014-10-04T21:46:30Z
39.393402,-105.013520,1947.646240,2014-10-04T21:46:31Z
39.393431,-105.013287,1946.821533,2014-10-04T21:46:32Z
39.393459,-105.013057,1945.502319,2014-10-04T21:46:33Z
39.393487,-105.012825,1943.983398,2014-10-04T21:46:34Z
39.393515,-105.012592,1942.163574,2014-10-04T21:46:35Z
39.393545,-105.012359,1940.143921,2014-10-04T21:46:36Z
39.393576,-105.012129,1937.022217,2014-10-04T21:46:37Z
39.393608,-105.011901,1935.906250,2014-10-04T21:46:38Z
39.393646,-105.011676,1935.692017,2014-10-04T21:46:39Z
39.393693,-105.011453,1935.176025,2014-10-04T21:46:40Z
39.393754,-105.011235,1933.957764,2014-10-04T21:46:41Z
39.393832,-105.011027,1932.739502,2014-10-04T21:46:42Z
39.393926,-105.010829,1931.220337,2014-10-04T21:46:43Z
39.394032,-105.010642,1928.799072,2014-10-04T21:46:44Z
39.394152,-105.010470,1927.180542,2014-10-04T21:46:45Z
39.394282,-105.010311,1926.563843,2014-10-04T21:46:46Z
39.394418,-105.010163,1925.645996,2014-10-04T21:46:47Z
39.394557,-105.010020,1924.728271,2014-10-04T21:46:48Z
39.394695,-105.009883,1923.909912,2014-10-04T21:46:49Z
39.394829,-105.009747,1922.791138,2014-10-04T21:46:50Z
39.394962,-105.009616,1922.073120,2014-10-04T21:46:51Z
39.395092,-105.009484,1921.254761,2014-10-04T21:46:52Z
39.395220,-105.009356,1920.136230,2014-10-04T21:46:53Z
39.395346,-105.009229,1919.519043,2014-10-04T21:46:54Z
39.395468,-105.009104,1919.302979,2014-10-04T21:46:55Z
39.395590,-105.008983,1919.086914,2014-10-04T21:46:56Z
39.395712,-105.008865,1919.472046,2014-10-04T21:46:57Z
39.395836,-105.008751,1919.155273,2014-10-04T21:46:58Z
39.395961,-105.008641,1918.838379,2014-10-04T21:46:59Z
39.396088,-105.008536,1918.622070,2014-10-04T21:47:00Z
39.396217,-105.008436,1918.205322,2014-10-04T21:47:01Z
39.396349,-105.008339,1918.390015,2014-10-04T21:47:02Z
39.396481,-105.008245,1918.273682,2014-10-04T21:47:03Z
39.396613,-105.008152,1917.656250,2014-10-04T21:47:04Z
39.396746,-105.008059,1916.817017,2014-10-04T21:47:05Z
39.396879,-105.007962,1917.001221,2014-10-04T21:47:06Z
39.397012,-105.007861,1917.084595,2014-10-04T21:47:07Z
39.397143,-105.007751,1917.167236,2014-10-04T21:47:08Z
39.397271,-105.007629,1916.347412,2014-10-04T21:47:09Z
39.397395,-105.007496,1915.327271,2014-10-04T21:47:10Z
39.397513,-105.007349,1914.306885,2014-10-04T21:47:11Z
39.397627,-105.007190,1912.685669,2014-10-04T21:47:12Z
39.397736,-105.007020,1909.360962,2014-10-04T21:47:13Z
39.397841,-105.006844,1909.345459,2014-10-04T21:47:14Z
39.397941,-105.006665,1909.329346,2014-10-04T21:47:15Z
39.398038,-105.006487,1908.710937,2014-10-04T21:47:16Z
39.398134,-105.006313,1908.493164,2014-10-04T21:47:17Z
39.398235,-105.006146,1908.174194,2014-10-04T21:47:18Z
39.398343,-105.005990,1907.353760,2014-10-04T21:47:19Z
39.398459,-105.005841,1906.132446,2014-10-04T21:47:20Z
39.398582,-105.005699,1904.610718,2014-10-04T21:47:21Z
39.398713,-105.005566,1903.390259,2014-10-04T21:47:22Z
39.398851,-105.005445,1902.971680,2014-10-04T21:47:23Z
39.398997,-105.005335,1902.653076,2014-10-04T21:47:24Z
39.399147,-105.005237,1902.534668,2014-10-04T21:47:25Z
39.399301,-105.005142,1901.513550,2014-10-04T21:47:26Z
39.399454,-105.005046,1900.793457,2014-10-04T21:47:27Z
39.399604,-105.004941,1899.171509,2014-10-04T21:47:28Z
39.399752,-105.004826,1898.251587,2014-10-04T21:47:29Z
39.399897,-105.004698,1898.434692,2014-10-04T21:47:30Z
39.400037,-105.004554,1898.316406,2014-10-04T21:47:31Z
39.400175,-105.004397,1897.496094,2014-10-04T21:47:32Z
39.400311,-105.004233,1896.476074,2014-10-04T21:47:33Z
39.400448,-105.004065,1896.458618,2014-10-04T21:47:34Z
39.400585,-105.003896,1896.440796,2014-10-04T21:47:35Z
39.400725,-105.003726,1896.322632,2014-10-04T21:47:36Z
39.400867,-105.003554,1896.605347,2014-10-04T21:47:37Z
39.401012,-105.003379,1896.787231,2014-10-04T21:47:38Z
39.401159,-105.003204,1896.367432,2014-10-04T21:47:39Z
39.401308,-105.003026,1896.749512,2014-10-04T21:47:40Z
39.401455,-105.002848,1896.930542,2014-10-04T21:47:41Z
39.401601,-105.002670,1896.710449,2014-10-04T21:47:42Z
39.401745,-105.002495,1896.189331,2014-10-04T21:47:43Z
39.401889,-105.002320,1895.768921,2014-10-04T21:47:44Z
39.402033,-105.002142,1895.148071,2014-10-04T21:47:45Z
39.402177,-105.001965,1894.126587,2014-10-04T21:47:46Z
39.402321,-105.001790,1893.606812,2014-10-04T21:47:47Z
39.402463,-105.001618,1892.886841,2014-10-04T21:47:48Z
39.402605,-105.001448,1892.467896,2014-10-04T21:47:49Z
39.402746,-105.001277,1892.048950,2014-10-04T21:47:50Z
39.402887,-105.001106,1891.630249,2014-10-04T21:47:51Z
39.403025,-105.000934,1891.812866,2014-10-04T21:47:52Z
39.403162,-105.000763,1891.493896,2014-10-04T21:47:53Z
39.403299,-105.000592,1891.375366,2014-10-04T21:47:54Z
39.403433,-105.000419,1890.454712,2014-10-04T21:47:55Z
39.403566,-105.000243,1889.434448,2014-10-04T21:47:56Z
39.403691,-105.000061,1888.213867,2014-10-04T21:47:57Z
39.403806,-104.999870,1887.395020,2014-10-04T21:47:58Z
39.403912,-104.999671,1886.576416,2014-10-04T21:47:59Z
39.404016,-104.999471,1885.657715,2014-10-04T21:48:00Z
39.404123,-104.999271,1885.440796,2014-10-04T21:48:01Z
39.404235,-104.999073,1884.621948,2014-10-04T21:48:02Z
39.404358,-104.998885,1883.903809,2014-10-04T21:48:03Z
39.404491,-104.998710,1883.485962,2014-10-04T21:48:04Z
39.404633,-104.998545,1883.034180,2014-10-04T21:48:05Z
39.404782,-104.998391,1882.214600,2014-10-04T21:48:06Z
39.404940,-104.998247,1881.796021,2014-10-04T21:48:07Z
39.405104,-104.998109,1881.377319,2014-10-04T21:48:08Z
39.405275,-104.997971,1880.256714,2014-10-04T21:48:09Z
39.405450,-104.997834,1878.735352,2014-10-04T21:48:10Z
39.405629,-104.997699,1877.415039,2014-10-04T21:48:11Z
39.405810,-104.997563,1877.097412,2014-10-04T21:48:12Z
39.405991,-104.997427,1877.080200,2014-10-04T21:48:13Z
39.406173,-104.997289,1877.062378,2014-10-04T21:48:14Z
39.406353,-104.997152,1876.843506,2014-10-04T21:48:15Z
39.406530,-104.997016,1875.923096,2014-10-04T21:48:16Z
39.406702,-104.996874,1874.702393,2014-10-04T21:48:17Z
39.406870,-104.996726,1873.682739,2014-10-04T21:48:18Z
39.407034,-104.996569,1873.264648,2014-10-04T21:48:19Z
39.407197,-104.996402,1873.447998,2014-10-04T21:48:20Z
39.407357,-104.996226,1873.330322,2014-10-04T21:48:21Z
39.407514,-104.996043,1872.711304,2014-10-04T21:48:22Z
39.407669,-104.995856,1872.092163,2014-10-04T21:48:23Z
39.407824,-104.995667,1871.673706,2014-10-04T21:48:24Z
39.407979,-104.995476,1871.054810,2014-10-04T21:48:25Z
39.408132,-104.995283,1871.838989,2014-10-04T21:48:26Z
39.408283,-104.995090,1871.019043,2014-10-04T21:48:27Z
39.408435,-104.994898,1870.900757,2014-10-04T21:48:28Z
39.408585,-104.994707,1870.581665,2014-10-04T21:48:29Z
39.408734,-104.994516,1869.561157,2014-10-04T21:48:30Z
39.408881,-104.994326,1868.140137,2014-10-04T21:48:31Z
39.409029,-104.994137,1867.321533,2014-10-04T21:48:32Z
39.409175,-104.993949,1867.004272,2014-10-04T21:48:33Z
39.409322,-104.993761,1866.386230,2014-10-04T21:48:34Z
39.409473,-104.993569,1866.369751,2014-10-04T21:48:35Z
39.409625,-104.993375,1866.352905,2014-10-04T21:48:36Z
39.409774,-104.993181,1866.235596,2014-10-04T21:48:37Z
39.409921,-104.992988,1865.717285,2014-10-04T21:48:38Z
39.410070,-104.992796,1865.299072,2014-10-04T21:48:39Z
39.410218,-104.992606,1864.379883,2014-10-04T21:48:40Z
39.410369,-104.992415,1864.162720,2014-10-04T21:48:41Z
39.410519,-104.992223,1864.546631,2014-10-04T21:48:42Z
39.410671,-104.992030,1864.328735,2014-10-04T21:48:43Z
39.410825,-104.991832,1863.809937,2014-10-04T21:48:44Z
39.410976,-104.991632,1864.093018,2014-10-04T21:48:45Z
39.411129,-104.991432,1864.475220,2014-10-04T21:48:46Z
39.411285,-104.991234,1864.054687,2014-10-04T21:48:47Z
39.411442,-104.991036,1863.032227,2014-10-04T21:48:48Z
39.411601,-104.990835,1862.912231,2014-10-04T21:48:49Z
39.411759,-104.990633,1863.793701,2014-10-04T21:48:50Z
39.411917,-104.990432,1864.974243,2014-10-04T21:48:51Z
39.412074,-104.990236,1861.743530,2014-10-04T21:48:52Z
39.412233,-104.990049,1856.009033,2014-10-04T21:48:53Z
39.412397,-104.989870,1855.790527,2014-10-04T21:48:54Z
39.412564,-104.989700,1855.471313,2014-10-04T21:48:55Z
39.412735,-104.989537,1855.452026,2014-10-04T21:48:56Z
39.412907,-104.989380,1855.431763,2014-10-04T21:48:57Z
39.413087,-104.989230,1854.408203,2014-10-04T21:48:58Z
39.413273,-104.989092,1851.380493,2014-10-04T21:48:59Z
39.413466,-104.988966,1850.559448,2014-10-04T21:49:00Z
39.413662,-104.988850,1850.339478,2014-10-04T21:49:01Z
39.413859,-104.988738,1849.718262,2014-10-04T21:49:02Z
39.414057,-104.988625,1848.595825,2014-10-04T21:49:03Z
39.414254,-104.988512,1848.175659,2014-10-04T21:49:04Z
39.414451,-104.988398,1847.531250,2014-10-04T21:49:05Z
39.414645,-104.988285,1847.611572,2014-10-04T21:49:06Z
39.414835,-104.988171,1847.691650,2014-10-04T21:49:07Z
39.415026,-104.988057,1846.468140,2014-10-04T21:49:08Z
39.415214,-104.987943,1846.548340,2014-10-04T21:49:09Z
39.415400,-104.987827,1846.327515,2014-10-04T21:49:10Z
39.415584,-104.987702,1846.106323,2014-10-04T21:49:11Z
39.415765,-104.987565,1845.885254,2014-10-04T21:49:12Z
39.415942,-104.987419,1845.463745,2014-10-04T21:49:13Z
39.416115,-104.987267,1845.743530,2014-10-04T21:49:14Z
39.416287,-104.987111,1845.020386,2014-10-04T21:49:15Z
39.416458,-104.986953,1843.896729,2014-10-04T21:49:16Z
39.416632,-104.986796,1843.976074,2014-10-04T21:49:17Z
39.416805,-104.986640,1843.153687,2014-10-04T21:49:18Z
39.416980,-104.986489,1842.240112,2014-10-04T21:49:19Z
39.417155,-104.986341,1841.822021,2014-10-04T21:49:20Z
39.417331,-104.986196,1840.511719,2014-10-04T21:49:21Z
39.417508,-104.986051,1839.201904,2014-10-04T21:49:22Z
39.417686,-104.985906,1838.486816,2014-10-04T21:49:23Z
39.417867,-104.985761,1838.069214,2014-10-04T21:49:24Z
39.418050,-104.985617,1837.849487,2014-10-04T21:49:25Z
39.418234,-104.985472,1837.232910,2014-10-04T21:49:26Z
39.418419,-104.985329,1836.516846,2014-10-04T21:49:27Z
39.418604,-104.985187,1836.494873,2014-10-04T21:49:28Z
39.418787,-104.985042,1836.472168,2014-10-04T21:49:29Z
39.418970,-104.984898,1835.854248,2014-10-04T21:49:30Z
39.419150,-104.984755,1835.236206,2014-10-04T21:49:31Z
39.419330,-104.984612,1833.923950,2014-10-04T21:49:32Z
39.419508,-104.984471,1832.208130,2014-10-04T21:49:33Z
39.419685,-104.984330,1831.781738,2014-10-04T21:49:34Z
39.419861,-104.984190,1831.255737,2014-10-04T21:49:35Z
39.420035,-104.984051,1830.828979,2014-10-04T21:49:36Z
39.420207,-104.983913,1829.708130,2014-10-04T21:49:37Z
39.420376,-104.983773,1828.092285,2014-10-04T21:49:38Z
39.420539,-104.983629,1826.874023,2014-10-04T21:49:39Z
39.420697,-104.983474,1827.440430,2014-10-04T21:49:40Z
39.420846,-104.983307,1827.212769,2014-10-04T21:49:41Z
39.420989,-104.983130,1826.885864,2014-10-04T21:49:42Z
39.421124,-104.982944,1826.459717,2014-10-04T21:49:43Z
39.421255,-104.982749,1826.727051,2014-10-04T21:49:44Z
39.421379,-104.982544,1826.201050,2014-10-04T21:49:45Z
39.421500,-104.982337,1825.377686,2014-10-04T21:49:46Z
39.421618,-104.982128,1824.653687,2014-10-04T21:49:47Z
39.421735,-104.981919,1824.227539,2014-10-04T21:49:48Z
39.421849,-104.981711,1823.900269,2014-10-04T21:49:49Z
39.421964,-104.981504,1822.978760,2014-10-04T21:49:50Z
39.422077,-104.981297,1822.552979,2014-10-04T21:49:51Z
39.422192,-104.981088,1822.424561,2014-10-04T21:49:52Z
39.422306,-104.980878,1822.196777,2014-10-04T21:49:53Z
39.422421,-104.980668,1821.373779,2014-10-04T21:49:54Z
39.422536,-104.980461,1820.551636,2014-10-04T21:49:55Z
39.422650,-104.980256,1819.630615,2014-10-04T21:49:56Z
39.422765,-104.980051,1819.007568,2014-10-04T21:49:57Z
39.422883,-104.979849,1818.583496,2014-10-04T21:49:58Z
39.423006,-104.979650,1818.555664,2014-10-04T21:49:59Z
39.423134,-104.979455,1818.032104,2014-10-04T21:50:00Z
39.423265,-104.979266,1817.310547,2014-10-04T21:50:01Z
39.423401,-104.979079,1816.192627,2014-10-04T21:50:02Z
39.423541,-104.978894,1816.165405,2014-10-04T21:50:03Z
39.423684,-104.978708,1815.443604,2014-10-04T21:50:04Z
39.423829,-104.978522,1814.547241,2014-10-04T21:50:05Z
39.423976,-104.978336,1813.725342,2014-10-04T21:50:06Z
39.424124,-104.978150,1812.606201,2014-10-04T21:50:07Z
39.424273,-104.977965,1810.892822,2014-10-04T21:50:08Z
39.424423,-104.977780,1809.576538,2014-10-04T21:50:09Z
39.424574,-104.977594,1808.657227,2014-10-04T21:50:10Z
39.424724,-104.977405,1807.249146,2014-10-04T21:50:11Z
39.424875,-104.977215,1806.237915,2014-10-04T21:50:12Z
39.425025,-104.977025,1806.019897,2014-10-04T21:50:13Z
39.425175,-104.976835,1805.305542,2014-10-04T21:50:14Z
39.425322,-104.976645,1804.789429,2014-10-04T21:50:15Z
39.425464,-104.976451,1804.371948,2014-10-04T21:50:16Z
39.425601,-104.976255,1803.656982,2014-10-04T21:50:17Z
39.425735,-104.976056,1802.743530,2014-10-04T21:50:18Z
39.425864,-104.975855,1802.127563,2014-10-04T21:50:19Z
39.425988,-104.975650,1801.907715,2014-10-04T21:50:20Z
39.426109,-104.975439,1801.390381,2014-10-04T21:50:21Z
39.426229,-104.975225,1800.872559,2014-10-04T21:50:22Z
39.426349,-104.975011,1801.048462,2014-10-04T21:50:23Z
39.426468,-104.974796,1800.621338,2014-10-04T21:50:24Z
39.426585,-104.974581,1797.914429,2014-10-04T21:50:25Z
39.426700,-104.974363,1791.345093,2014-10-04T21:50:26Z
39.426815,-104.974146,1798.556274,2014-10-04T21:50:27Z
39.426927,-104.973931,1799.912598,2014-10-04T21:50:28Z
39.427037,-104.973716,1799.978638,2014-10-04T21:50:29Z
39.427141,-104.973503,1800.242310,2014-10-04T21:50:30Z
39.427242,-104.973292,1799.910645,2014-10-04T21:50:31Z
39.427337,-104.973079,1798.687012,2014-10-04T21:50:32Z
39.427426,-104.972866,1797.266357,2014-10-04T21:50:33Z
39.427511,-104.972650,1796.639404,2014-10-04T21:50:34Z
39.427593,-104.972432,1796.309937,2014-10-04T21:50:35Z
39.427674,-104.972212,1796.080078,2014-10-04T21:50:36Z
39.427753,-104.971992,1794.958008,2014-10-04T21:50:37Z
39.427830,-104.971772,1793.440308,2014-10-04T21:50:38Z
39.427906,-104.971551,1792.122070,2014-10-04T21:50:39Z
39.427982,-104.971329,1792.687866,2014-10-04T21:50:40Z
39.428057,-104.971109,1794.144287,2014-10-04T21:50:41Z
39.428133,-104.970890,1794.013428,2014-10-04T21:50:42Z
39.428207,-104.970673,1793.585083,2014-10-04T21:50:43Z
39.428280,-104.970457,1793.156860,2014-10-04T21:50:44Z
39.428354,-104.970246,1792.926880,2014-10-04T21:50:45Z
39.428426,-104.970043,1791.904053,2014-10-04T21:50:46Z
39.428494,-104.969851,1789.990112,2014-10-04T21:50:47Z
39.428555,-104.969676,1789.762207,2014-10-04T21:50:48Z
39.428608,-104.969521,1789.633545,2014-10-04T21:50:49Z
39.428652,-104.969386,1789.108154,2014-10-04T21:50:50Z
39.428685,-104.969270,1787.889282,2014-10-04T21:50:51Z
39.428708,-104.969178,1786.374268,2014-10-04T21:50:52Z
39.428723,-104.969107,1785.454834,2014-10-04T21:50:53Z
39.428733,-104.969055,1785.824707,2014-10-04T21:50:54Z
39.428742,-104.969028,1785.401123,2014-10-04T21:50:55Z
39.428741,-104.969026,1784.680786,2014-10-04T21:50:56Z
39.428743,-104.969009,1785.150269,2014-10-04T21:50:57Z
39.428742,-104.969009,1784.430054,2014-10-04T21:50:58Z
39.428741,-104.969009,1782.818604,2014-10-04T21:50:59Z
39.428741,-104.969010,1781.109619,2014-10-04T21:51:00Z
39.428741,-104.969010,1780.195312,2014-10-04T21:51:01Z
39.428741,-104.969012,1781.462158,2014-10-04T21:51:02Z
39.428741,-104.969013,1783.024780,2014-10-04T21:51:03Z
39.428745,-104.969024,1784.784302,2014-10-04T21:51:04Z
39.428755,-104.969007,1784.725220,2014-10-04T21:51:05Z
39.428772,-104.968977,1784.103760,2014-10-04T21:51:06Z
39.428796,-104.968937,1783.582153,2014-10-04T21:51:07Z
39.428826,-104.968883,1784.250122,2014-10-04T21:51:08Z
39.428863,-104.968812,1784.917480,2014-10-04T21:51:09Z
39.428905,-104.968718,1786.178711,2014-10-04T21:51:10Z
39.428953,-104.968606,1788.033203,2014-10-04T21:51:11Z
39.429007,-104.968477,1788.795898,2014-10-04T21:51:12Z
39.429066,-104.968338,1789.260376,2014-10-04T21:51:13Z
39.429133,-104.968192,1789.526123,2014-10-04T21:51:14Z
39.429210,-104.968042,1789.494629,2014-10-04T21:51:15Z
39.429294,-104.967890,1788.967773,2014-10-04T21:51:16Z
39.429386,-104.967738,1788.243652,2014-10-04T21:51:17Z
39.429485,-104.967587,1787.718628,2014-10-04T21:51:18Z
39.429592,-104.967436,1787.392578,2014-10-04T21:51:19Z
39.429705,-104.967288,1787.364380,2014-10-04T21:51:20Z
39.429822,-104.967144,1787.237183,2014-10-04T21:51:21Z
39.429945,-104.966999,1787.109985,2014-10-04T21:51:22Z
39.430072,-104.966852,1786.784668,2014-10-04T21:51:23Z
39.430202,-104.966704,1786.261841,2014-10-04T21:51:24Z
39.430334,-104.966555,1785.838379,2014-10-04T21:51:25Z
39.430466,-104.966407,1785.712646,2014-10-04T21:51:26Z
39.430599,-104.966258,1785.785522,2014-10-04T21:51:27Z
39.430732,-104.966107,1785.858398,2014-10-04T21:51:28Z
39.430865,-104.965958,1785.534668,2014-10-04T21:51:29Z
39.430997,-104.965811,1785.608154,2014-10-04T21:51:30Z
39.431126,-104.965666,1785.780762,2014-10-04T21:51:31Z
39.431253,-104.965525,1785.656006,2014-10-04T21:51:32Z
39.431381,-104.965386,1785.333374,2014-10-04T21:51:33Z
39.431507,-104.965247,1785.606201,2014-10-04T21:51:34Z
39.431634,-104.965114,1785.680908,2014-10-04T21:51:35Z
39.431763,-104.964988,1786.647705,2014-10-04T21:51:36Z
39.431893,-104.964868,1787.911499,2014-10-04T21:51:37Z
39.432027,-104.964752,1787.390625,2014-10-04T21:51:38Z
39.432164,-104.964642,1788.060059,2014-10-04T21:51:39Z
39.432304,-104.964531,1787.341675,2014-10-04T21:51:40Z
39.432446,-104.964421,1787.417358,2014-10-04T21:51:41Z
39.432594,-104.964314,1787.790649,2014-10-04T21:51:42Z
39.432747,-104.964212,1787.568970,2014-10-04T21:51:43Z
39.432901,-104.964113,1788.239746,2014-10-04T21:51:44Z
39.433059,-104.964018,1788.811035,2014-10-04T21:51:45Z
39.433218,-104.963929,1789.183716,2014-10-04T21:51:46Z
39.433379,-104.963846,1789.357788,2014-10-04T21:51:47Z
39.433541,-104.963768,1789.333618,2014-10-04T21:51:48Z
39.433704,-104.963693,1788.814087,2014-10-04T21:51:49Z
39.433863,-104.963620,1788.394043,2014-10-04T21:51:50Z
39.434020,-104.963550,1788.569092,2014-10-04T21:51:51Z
39.434175,-104.963481,1788.149658,2014-10-04T21:51:52Z
39.434327,-104.963411,1788.523804,2014-10-04T21:51:53Z
39.434474,-104.963342,1788.699585,2014-10-04T21:51:54Z
39.434617,-104.963274,1788.677368,2014-10-04T21:51:55Z
39.434754,-104.963204,1788.853638,2014-10-04T21:51:56Z
39.434884,-104.963135,1788.931152,2014-10-04T21:51:57Z
39.435011,-104.963068,1789.108032,2014-10-04T21:51:58Z
39.435132,-104.963006,1789.087036,2014-10-04T21:51:59Z
39.435251,-104.962949,1788.769043,2014-10-04T21:52:00Z
39.435367,-104.962898,1788.848145,2014-10-04T21:52:01Z
39.435479,-104.962849,1788.828369,2014-10-04T21:52:02Z
39.435589,-104.962804,1789.106201,2014-10-04T21:52:03Z
39.435699,-104.962762,1789.582397,2014-10-04T21:52:04Z
39.435808,-104.962723,1789.251587,2014-10-04T21:52:05Z
39.435915,-104.962686,1789.430420,2014-10-04T21:52:06Z
39.436018,-104.962652,1789.906860,2014-10-04T21:52:07Z
39.436120,-104.962620,1790.581299,2014-10-04T21:52:08Z
39.436218,-104.962591,1791.255737,2014-10-04T21:52:09Z
39.436309,-104.962566,1791.731934,2014-10-04T21:52:10Z
39.436391,-104.962542,1792.505371,2014-10-04T21:52:11Z
39.436469,-104.962519,1793.080811,2014-10-04T21:52:12Z
39.436546,-104.962495,1793.656006,2014-10-04T21:52:13Z
39.436623,-104.962471,1794.330444,2014-10-04T21:52:14Z
39.436694,-104.962450,1794.509277,2014-10-04T21:52:15Z
39.436759,-104.962430,1794.589233,2014-10-04T21:52:16Z
39.436824,-104.962408,1794.471313,2014-10-04T21:52:17Z
39.436888,-104.962384,1794.849609,2014-10-04T21:52:18Z
39.436951,-104.962360,1795.128784,2014-10-04T21:52:19Z
39.437015,-104.962336,1795.011719,2014-10-04T21:52:20Z
39.437082,-104.962312,1795.097656,2014-10-04T21:52:21Z
39.437149,-104.962288,1795.283081,2014-10-04T21:52:22Z
39.437221,-104.962261,1795.765991,2014-10-04T21:52:23Z
39.437296,-104.962233,1795.753174,2014-10-04T21:52:24Z
39.437373,-104.962205,1796.830933,2014-10-04T21:52:25Z
39.437453,-104.962175,1798.007080,2014-10-04T21:52:26Z
39.437536,-104.962144,1798.687378,2014-10-04T21:52:27Z
39.437620,-104.962112,1798.772705,2014-10-04T21:52:28Z
39.437703,-104.962079,1798.758911,2014-10-04T21:52:29Z
39.437788,-104.962048,1798.745605,2014-10-04T21:52:30Z
39.437871,-104.962018,1798.930908,2014-10-04T21:52:31Z
39.437957,-104.961985,1799.116211,2014-10-04T21:52:32Z
39.438043,-104.961951,1799.500366,2014-10-04T21:52:33Z
39.438127,-104.961917,1799.884888,2014-10-04T21:52:34Z
39.438206,-104.961883,1800.665649,2014-10-04T21:52:35Z
39.438278,-104.961853,1801.446533,2014-10-04T21:52:36Z
39.438346,-104.961827,1801.731689,2014-10-04T21:52:37Z
39.438414,-104.961804,1801.814697,2014-10-04T21:52:38Z
39.438486,-104.961779,1802.393555,2014-10-04T21:52:39Z
39.438564,-104.961753,1802.179321,2014-10-04T21:52:40Z
39.438648,-104.961723,1802.163818,2014-10-04T21:52:41Z
39.438735,-104.961689,1802.743652,2014-10-04T21:52:42Z
39.438822,-104.961656,1804.215210,2014-10-04T21:52:43Z
39.438906,-104.961622,1805.884155,2014-10-04T21:52:44Z
39.438985,-104.961583,1805.371704,2014-10-04T21:52:45Z
39.439054,-104.961536,1805.752319,2014-10-04T21:52:46Z
39.439108,-104.961474,1805.538452,2014-10-04T21:52:47Z
39.439136,-104.961394,1805.820923,2014-10-04T21:52:48Z
39.439136,-104.961303,1806.103271,2014-10-04T21:52:49Z
39.439110,-104.961206,1806.584106,2014-10-04T21:52:50Z
39.439072,-104.961099,1806.965698,2014-10-04T21:52:51Z
39.439028,-104.960976,1806.950928,2014-10-04T21:52:52Z
39.438979,-104.960839,1806.936523,2014-10-04T21:52:53Z
39.438929,-104.960686,1807.219727,2014-10-04T21:52:54Z
39.438876,-104.960517,1807.304810,2014-10-04T21:52:55Z
39.438819,-104.960334,1807.489380,2014-10-04T21:52:56Z
39.438758,-104.960139,1808.169312,2014-10-04T21:52:57Z
39.438692,-104.959935,1809.344238,2014-10-04T21:52:58Z
39.438623,-104.959719,1809.427979,2014-10-04T21:52:59Z
39.438548,-104.959494,1809.907837,2014-10-04T21:53:00Z
39.438469,-104.959262,1810.387207,2014-10-04T21:53:01Z
39.438386,-104.959022,1809.874878,2014-10-04T21:53:02Z
39.438300,-104.958773,1810.453125,2014-10-04T21:53:03Z
39.438210,-104.958516,1809.841064,2014-10-04T21:53:04Z
39.438118,-104.958252,1808.814941,2014-10-04T21:53:05Z
39.438024,-104.957981,1809.293457,2014-10-04T21:53:06Z
39.437930,-104.957705,1808.680786,2014-10-04T21:53:07Z
39.437834,-104.957423,1809.257690,2014-10-04T21:53:08Z
39.437738,-104.957135,1809.635620,2014-10-04T21:53:09Z
39.437644,-104.956840,1808.922241,2014-10-04T21:53:10Z
39.437555,-104.956542,1807.515625,2014-10-04T21:53:11Z
39.437471,-104.956244,1806.803223,2014-10-04T21:53:12Z
39.437388,-104.955944,1805.892822,2014-10-04T21:53:13Z
39.437305,-104.955644,1804.487427,2014-10-04T21:53:14Z
39.437224,-104.955344,1803.974731,2014-10-04T21:53:15Z
39.437145,-104.955044,1804.056763,2014-10-04T21:53:16Z
39.437066,-104.954742,1803.840942,2014-10-04T21:53:17Z
39.436985,-104.954442,1804.318970,2014-10-04T21:53:18Z
39.436905,-104.954142,1804.796021,2014-10-04T21:53:19Z
39.436826,-104.953841,1804.380615,2014-10-04T21:53:20Z
39.436746,-104.953540,1804.064941,2014-10-04T21:53:21Z
39.436666,-104.953239,1804.442871,2014-10-04T21:53:22Z
39.436585,-104.952936,1804.721802,2014-10-04T21:53:23Z
39.436505,-104.952633,1804.901367,2014-10-04T21:53:24Z
39.436425,-104.952331,1804.882812,2014-10-04T21:53:25Z
39.436345,-104.952030,1805.459351,2014-10-04T21:53:26Z
39.436264,-104.951729,1806.432129,2014-10-04T21:53:27Z
39.436183,-104.951428,1807.305176,2014-10-04T21:53:28Z
39.436102,-104.951126,1807.186890,2014-10-04T21:53:29Z
39.436022,-104.950822,1807.465332,2014-10-04T21:53:30Z
39.435941,-104.950519,1807.546021,2014-10-04T21:53:31Z
39.435861,-104.950216,1808.518677,2014-10-04T21:53:32Z
39.435781,-104.949914,1809.590210,2014-10-04T21:53:33Z
39.435701,-104.949612,1809.570679,2014-10-04T21:53:34Z
39.435621,-104.949309,1808.957031,2014-10-04T21:53:35Z
39.435543,-104.949005,1808.344482,2014-10-04T21:53:36Z
39.435468,-104.948698,1807.832275,2014-10-04T21:53:37Z
39.435398,-104.948387,1808.708496,2014-10-04T21:53:38Z
39.435335,-104.948071,1809.584229,2014-10-04T21:53:39Z
39.435278,-104.947752,1810.558960,2014-10-04T21:53:40Z
39.435228,-104.947432,1810.938599,2014-10-04T21:53:41Z
39.435185,-104.947112,1812.012085,2014-10-04T21:53:42Z
39.435148,-104.946794,1811.895752,2014-10-04T21:53:43Z
39.435112,-104.946479,1811.383545,2014-10-04T21:53:44Z
39.435079,-104.946164,1810.872437,2014-10-04T21:53:45Z
39.435047,-104.945851,1811.551392,2014-10-04T21:53:46Z
39.435016,-104.945539,1812.626465,2014-10-04T21:53:47Z
39.434986,-104.945229,1813.800049,2014-10-04T21:53:48Z
39.434957,-104.944917,1814.477173,2014-10-04T21:53:49Z
39.434928,-104.944603,1814.559448,2014-10-04T21:53:50Z
39.434898,-104.944286,1814.542847,2014-10-04T21:53:51Z
39.434867,-104.943970,1814.526611,2014-10-04T21:53:52Z
39.434837,-104.943656,1815.006226,2014-10-04T21:53:53Z
39.434807,-104.943345,1815.782837,2014-10-04T21:53:54Z
39.434775,-104.943035,1816.063354,2014-10-04T21:53:55Z
39.434742,-104.942726,1816.641113,2014-10-04T21:53:56Z
39.434708,-104.942418,1816.822266,2014-10-04T21:53:57Z
39.434672,-104.942109,1817.003418,2014-10-04T21:53:58Z
39.434635,-104.941801,1816.887207,2014-10-04T21:53:59Z
39.434597,-104.941495,1817.068481,2014-10-04T21:54:00Z
39.434557,-104.941190,1817.150879,2014-10-04T21:54:01Z
39.434517,-104.940882,1816.638672,2014-10-04T21:54:02Z
39.434476,-104.940575,1816.821045,2014-10-04T21:54:03Z
39.434436,-104.940271,1817.300537,2014-10-04T21:54:04Z
39.434395,-104.939969,1817.188354,2014-10-04T21:54:05Z
39.434354,-104.939667,1816.973755,2014-10-04T21:54:06Z
39.434313,-104.939366,1816.858643,2014-10-04T21:54:07Z
39.434273,-104.939067,1816.743774,2014-10-04T21:54:08Z
39.434231,-104.938771,1817.223877,2014-10-04T21:54:09Z
39.434182,-104.938474,1816.911011,2014-10-04T21:54:10Z
39.434127,-104.938182,1816.796753,2014-10-04T21:54:11Z
39.434063,-104.937895,1817.178467,2014-10-04T21:54:12Z
39.433990,-104.937615,1816.965210,2014-10-04T21:54:13Z
39.433909,-104.937340,1817.247925,2014-10-04T21:54:14Z
39.433823,-104.937069,1817.531006,2014-10-04T21:54:15Z
39.433735,-104.936799,1817.714722,2014-10-04T21:54:16Z
39.433646,-104.936528,1818.493286,2014-10-04T21:54:17Z
39.433557,-104.936257,1817.785034,2014-10-04T21:54:18Z
39.433469,-104.935983,1818.366089,2014-10-04T21:54:19Z
39.433384,-104.935708,1818.649902,2014-10-04T21:54:20Z
39.433304,-104.935430,1819.330200,2014-10-04T21:54:21Z
39.433231,-104.935150,1819.415527,2014-10-04T21:54:22Z
39.433166,-104.934868,1819.402344,2014-10-04T21:54:23Z
39.433107,-104.934582,1820.281738,2014-10-04T21:54:24Z
39.433052,-104.934291,1821.061646,2014-10-04T21:54:25Z
39.433000,-104.933995,1821.543945,2014-10-04T21:54:26Z
39.432948,-104.933696,1821.629761,2014-10-04T21:54:27Z
39.432897,-104.933395,1821.913818,2014-10-04T21:54:28Z
39.432846,-104.933092,1821.702271,2014-10-04T21:54:29Z
39.432794,-104.932788,1821.887695,2014-10-04T21:54:30Z
39.432744,-104.932484,1822.073120,2014-10-04T21:54:31Z
39.432694,-104.932180,1821.762695,2014-10-04T21:54:32Z
39.432643,-104.931874,1821.849365,2014-10-04T21:54:33Z
39.432591,-104.931568,1822.530640,2014-10-04T21:54:34Z
39.432537,-104.931263,1823.112549,2014-10-04T21:54:35Z
39.432484,-104.930960,1823.892090,2014-10-04T21:54:36Z
39.432431,-104.930659,1823.977295,2014-10-04T21:54:37Z
39.432377,-104.930357,1824.260620,2014-10-04T21:54:38Z
39.432324,-104.930054,1824.345703,2014-10-04T21:54:39Z
39.432270,-104.929751,1823.935303,2014-10-04T21:54:40Z
39.432214,-104.929451,1823.525391,2014-10-04T21:54:41Z
39.432153,-104.929156,1823.809692,2014-10-04T21:54:42Z
39.432085,-104.928866,1824.490112,2014-10-04T21:54:43Z
39.432011,-104.928580,1825.170166,2014-10-04T21:54:44Z
39.431930,-104.928298,1825.354126,2014-10-04T21:54:45Z
39.431844,-104.928017,1825.439209,2014-10-04T21:54:46Z
39.431754,-104.927735,1826.020264,2014-10-04T21:54:47Z
39.431661,-104.927452,1826.105225,2014-10-04T21:54:48Z
39.431566,-104.927169,1825.793823,2014-10-04T21:54:49Z
39.431471,-104.926888,1826.375122,2014-10-04T21:54:50Z
39.431378,-104.926610,1827.253662,2014-10-04T21:54:51Z
39.431287,-104.926336,1828.032593,2014-10-04T21:54:52Z
39.431201,-104.926060,1828.414673,2014-10-04T21:54:53Z
39.431119,-104.925779,1828.697754,2014-10-04T21:54:54Z
39.431042,-104.925493,1829.178955,2014-10-04T21:54:55Z
39.430972,-104.925203,1829.660278,2014-10-04T21:54:56Z
39.430908,-104.924910,1829.149902,2014-10-04T21:54:57Z
39.430853,-104.924617,1829.334106,2014-10-04T21:54:58Z
39.430803,-104.924322,1829.022949,2014-10-04T21:54:59Z
39.430758,-104.924024,1829.604248,2014-10-04T21:55:00Z
39.430717,-104.923725,1829.887695,2014-10-04T21:55:01Z
39.430681,-104.923426,1830.071655,2014-10-04T21:55:02Z
39.430650,-104.923128,1829.661377,2014-10-04T21:55:03Z
39.430626,-104.922830,1829.945190,2014-10-04T21:55:04Z
39.430606,-104.922533,1829.682861,2014-10-04T21:55:05Z
39.430590,-104.922242,1829.768188,2014-10-04T21:55:06Z
39.430577,-104.921952,1829.655518,2014-10-04T21:55:07Z
39.430565,-104.921666,1830.038696,2014-10-04T21:55:08Z
39.430553,-104.921379,1830.322876,2014-10-04T21:55:09Z
39.430541,-104.921094,1830.309692,2014-10-04T21:55:10Z
39.430529,-104.920811,1830.395874,2014-10-04T21:55:11Z
39.430515,-104.920529,1830.680176,2014-10-04T21:55:12Z
39.430501,-104.920246,1830.766479,2014-10-04T21:55:13Z
39.430488,-104.919964,1830.853027,2014-10-04T21:55:14Z
39.430474,-104.919685,1830.939575,2014-10-04T21:55:15Z
39.430460,-104.919407,1831.224487,2014-10-04T21:55:16Z
39.430446,-104.919131,1831.410400,2014-10-04T21:55:17Z
39.430431,-104.918855,1831.794312,2014-10-04T21:55:18Z
39.430416,-104.918581,1831.583618,2014-10-04T21:55:19Z
39.430398,-104.918308,1831.472412,2014-10-04T21:55:20Z
39.430377,-104.918038,1831.758057,2014-10-04T21:55:21Z
39.430351,-104.917770,1832.241821,2014-10-04T21:55:22Z
39.430318,-104.917506,1832.130371,2014-10-04T21:55:23Z
39.430277,-104.917246,1832.019165,2014-10-04T21:55:24Z
39.430227,-104.916987,1832.502686,2014-10-04T21:55:25Z
39.430169,-104.916726,1832.490356,2014-10-04T21:55:26Z
39.430105,-104.916466,1832.379028,2014-10-04T21:55:27Z
39.430040,-104.916207,1832.763306,2014-10-04T21:55:28Z
39.429975,-104.915950,1833.150757,2014-10-04T21:55:29Z
39.429909,-104.915695,1833.638916,2014-10-04T21:55:30Z
39.429844,-104.915438,1834.126953,2014-10-04T21:55:31Z
39.429780,-104.915181,1834.414307,2014-10-04T21:55:32Z
39.429717,-104.914925,1834.701294,2014-10-04T21:55:33Z
39.429654,-104.914667,1834.286987,2014-10-04T21:55:34Z
39.429592,-104.914408,1834.474487,2014-10-04T21:55:35Z
39.429529,-104.914147,1834.962646,2014-10-04T21:55:36Z
39.429464,-104.913883,1834.949585,2014-10-04T21:55:37Z
39.429397,-104.913618,1834.936768,2014-10-04T21:55:38Z
39.429330,-104.913351,1835.124634,2014-10-04T21:55:39Z
39.429264,-104.913085,1835.913818,2014-10-04T21:55:40Z
39.429199,-104.912822,1835.801025,2014-10-04T21:55:41Z
39.429133,-104.912557,1836.089355,2014-10-04T21:55:42Z
39.429068,-104.912292,1836.378174,2014-10-04T21:55:43Z
39.429002,-104.912026,1836.666748,2014-10-04T21:55:44Z
39.428935,-104.911759,1837.256104,2014-10-04T21:55:45Z
39.428869,-104.911492,1837.544434,2014-10-04T21:55:46Z
39.428807,-104.911220,1837.732666,2014-10-04T21:55:47Z
39.428746,-104.910943,1838.021362,2014-10-04T21:55:48Z
39.428686,-104.910665,1837.508179,2014-10-04T21:55:49Z
39.428628,-104.910385,1837.396729,2014-10-04T21:55:50Z
39.428571,-104.910104,1837.686279,2014-10-04T21:55:51Z
39.428516,-104.909821,1837.575195,2014-10-04T21:55:52Z
39.428461,-104.909537,1837.864990,2014-10-04T21:55:53Z
39.428407,-104.909256,1837.253296,2014-10-04T21:55:54Z
39.428354,-104.908977,1836.942871,2014-10-04T21:55:55Z
39.428302,-104.908702,1836.733154,2014-10-04T21:55:56Z
39.428250,-104.908432,1836.824097,2014-10-04T21:55:57Z
39.428196,-104.908164,1836.514526,2014-10-04T21:55:58Z
39.428138,-104.907899,1837.107544,2014-10-04T21:55:59Z
39.428075,-104.907637,1836.998535,2014-10-04T21:56:00Z
39.428007,-104.907377,1837.691650,2014-10-04T21:56:01Z
39.427932,-104.907124,1838.985474,2014-10-04T21:56:02Z
39.427855,-104.906876,1838.975708,2014-10-04T21:56:03Z
39.427773,-104.906634,1839.567505,2014-10-04T21:56:04Z
39.427688,-104.906399,1839.863281,2014-10-04T21:56:05Z
39.427602,-104.906170,1840.855713,2014-10-04T21:56:06Z
39.427516,-104.905948,1842.448364,2014-10-04T21:56:07Z
39.427430,-104.905731,1842.536987,2014-10-04T21:56:08Z
39.427345,-104.905524,1842.725952,2014-10-04T21:56:09Z
39.427258,-104.905325,1843.315796,2014-10-04T21:56:10Z
39.427171,-104.905136,1842.803101,2014-10-04T21:56:11Z
39.427082,-104.904955,1842.491821,2014-10-04T21:56:12Z
39.426996,-104.904783,1843.082886,2014-10-04T21:56:13Z
39.426912,-104.904619,1842.671509,2014-10-04T21:56:14Z
39.426834,-104.904468,1843.262817,2014-10-04T21:56:15Z
39.426762,-104.904329,1842.851807,2014-10-04T21:56:16Z
39.426696,-104.904199,1842.241089,2014-10-04T21:56:17Z
39.426637,-104.904082,1841.229980,2014-10-04T21:56:18Z
39.426587,-104.903982,1840.019897,2014-10-04T21:56:19Z
39.426546,-104.903893,1839.111694,2014-10-04T21:56:20Z
39.426519,-104.903809,1839.106323,2014-10-04T21:56:21Z
39.426511,-104.903724,1838.299438,2014-10-04T21:56:22Z
39.426525,-104.903639,1838.495483,2014-10-04T21:56:23Z
39.426555,-104.903554,1838.491089,2014-10-04T21:56:24Z
39.426600,-104.903473,1838.887695,2014-10-04T21:56:25Z
39.426658,-104.903394,1838.782837,2014-10-04T21:56:26Z
39.426720,-104.903319,1839.580444,2014-10-04T21:56:27Z
39.426781,-104.903250,1840.677856,2014-10-04T21:56:28Z
39.426840,-104.903187,1842.275513,2014-10-04T21:56:29Z
39.426895,-104.903130,1842.368896,2014-10-04T21:56:30Z
39.426942,-104.903076,1841.359741,2014-10-04T21:56:31Z
39.426974,-104.903022,1841.755127,2014-10-04T21:56:32Z
39.426987,-104.902964,1841.949585,2014-10-04T21:56:33Z
39.426985,-104.902906,1841.542603,2014-10-04T21:56:34Z
39.426974,-104.902849,1841.939331,2014-10-04T21:56:35Z
39.426964,-104.902788,1842.235474,2014-10-04T21:56:36Z
39.426963,-104.902725,1842.431152,2014-10-04T21:56:37Z
39.426971,-104.902664,1842.626953,2014-10-04T21:56:38Z
39.426989,-104.902614,1842.822632,2014-10-04T21:56:39Z
39.427016,-104.902587,1843.218994,2014-10-04T21:56:40Z
39.427046,-104.902583,1843.214111,2014-10-04T21:56:41Z
39.427073,-104.902595,1842.908813,2014-10-04T21:56:42Z
39.427098,-104.902612,1843.205200,2014-10-04T21:56:43Z
39.427120,-104.902624,1843.902344,2014-10-04T21:56:44Z
39.427142,-104.902630,1844.298584,2014-10-04T21:56:45Z
39.427163,-104.902641,1844.494385,2014-10-04T21:56:46Z
39.427181,-104.902659,1844.690186,2014-10-04T21:56:47Z
39.427189,-104.902670,1844.885742,2014-10-04T21:56:48Z
39.427198,-104.902681,1844.981201,2014-10-04T21:56:49Z
39.427198,-104.902682,1845.277100,2014-10-04T21:56:50Z
39.427198,-104.902683,1844.971191,2014-10-04T21:56:51Z
39.427198,-104.902684,1844.064331,2014-10-04T21:56:52Z
39.427199,-104.902684,1843.859619,2014-10-04T21:56:53Z
39.427199,-104.902685,1844.056030,2014-10-04T21:56:54Z
39.427199,-104.902685,1844.051758,2014-10-04T21:56:55Z
39.427199,-104.902686,1843.646606,2014-10-04T21:56:56Z
39.427199,-104.902686,1843.542603,2014-10-04T21:56:57Z
39.427199,-104.902686,1843.338257,2014-10-04T21:56:58Z
39.427199,-104.902686,1843.234375,2014-10-04T21:56:59Z
39.427199,-104.902687,1843.531494,2014-10-04T21:57:00Z